MM:DD:YYYY hh:mm:ss,Library_Version,Session_type,Device_Number,Battery_Voltage,Motor_Turns,PelletsToSwitch,Prob_left,Prob_right,Event,High_prob_poke,Left_Poke_Count,Right_Poke_Count,Pellet_Count,Block_Pellet_Count,Retrieval_Time,InterPelletInterval,Poke_Time
9/18/2023 20:15:59,1.17.0,Bandit,0,4.17,nan,30,80,20,Left,Left,1,0,0,0,nan,nan,0.33
9/18/2023 20:16:06,1.17.0,Bandit,0,4.18,3,30,80,20,Pellet,Left,1,0,1,0,0.60,nan,nan
9/18/2023 20:16:30,1.17.0,Bandit,0,4.18,nan,30,80,20,Right,Left,1,1,1,1,nan,nan,0.07
9/18/2023 20:16:48,1.17.0,Bandit,0,4.18,nan,30,80,20,Left,Left,2,1,1,1,nan,nan,0.18
9/18/2023 20:16:51,1.17.0,Bandit,0,4.18,1,30,80,20,Pellet,Left,2,1,2,1,1.03,45,nan
9/18/2023 20:17:00,1.17.0,Bandit,0,4.18,nan,30,80,20,Left,Left,3,1,2,2,nan,nan,0.18
9/18/2023 20:17:03,1.17.0,Bandit,0,4.18,1,30,80,20,Pellet,Left,3,1,3,2,0.42,12,nan
9/18/2023 20:17:13,1.17.0,Bandit,0,4.18,nan,30,80,20,Left,Left,4,1,3,3,nan,nan,0.07
9/18/2023 20:17:16,1.17.0,Bandit,0,4.18,1,30,80,20,Pellet,Left,4,1,4,3,0.42,13,nan
9/18/2023 20:17:34,1.17.0,Bandit,0,4.18,nan,30,80,20,Right,Left,4,2,4,4,nan,nan,0.10
9/18/2023 20:17:36,1.17.0,Bandit,0,4.18,nan,30,80,20,LeftinTimeOut,Left,4,2,4,4,nan,nan,nan
9/18/2023 20:18:00,1.17.0,Bandit,0,4.18,nan,30,80,20,Right,Left,4,3,4,4,nan,nan,0.11
9/18/2023 20:18:02,1.17.0,Bandit,0,4.18,nan,30,80,20,RightinTimeout,Left,4,3,4,4,nan,nan,0.00
9/18/2023 20:18:03,1.17.0,Bandit,0,4.18,nan,30,80,20,RightinTimeout,Left,4,3,4,4,nan,nan,0.00
9/18/2023 20:18:03,1.17.0,Bandit,0,4.18,nan,30,80,20,RightinTimeout,Left,4,3,4,4,nan,nan,0.00
9/18/2023 20:18:15,1.17.0,Bandit,0,4.18,nan,30,80,20,Left,Left,5,3,4,4,nan,nan,0.14
9/18/2023 20:18:17,1.17.0,Bandit,0,4.18,1,30,80,20,Pellet,Left,5,3,5,4,0.42,61,nan
9/18/2023 20:18:29,1.17.0,Bandit,0,4.18,nan,30,80,20,Left,Left,6,3,5,5,nan,nan,0.23
9/18/2023 20:18:32,1.17.0,Bandit,0,4.18,1,30,80,20,Pellet,Left,6,3,6,5,0.42,15,nan
9/18/2023 20:18:44,1.17.0,Bandit,0,4.18,nan,30,80,20,Left,Left,7,3,6,6,nan,nan,0.13
9/18/2023 20:18:47,1.17.0,Bandit,0,4.18,1,30,80,20,Pellet,Left,7,3,7,6,0.42,15,nan
9/18/2023 20:18:58,1.17.0,Bandit,0,4.18,nan,30,80,20,Left,Left,8,3,7,7,nan,nan,0.02
9/18/2023 20:19:01,1.17.0,Bandit,0,4.18,1,30,80,20,Pellet,Left,8,3,8,7,0.42,14,nan
9/18/2023 20:19:36,1.17.0,Bandit,0,4.18,nan,30,80,20,Left,Left,9,3,8,8,nan,nan,0.06
9/18/2023 20:19:39,1.17.0,Bandit,0,4.18,1,30,80,20,Pellet,Left,9,3,9,8,0.97,38,nan
9/18/2023 20:20:02,1.17.0,Bandit,0,4.18,nan,30,80,20,Right,Left,9,4,9,9,nan,nan,0.04
9/18/2023 20:20:06,1.17.0,Bandit,0,4.18,1,30,80,20,Pellet,Left,9,4,10,9,1.27,27,nan
9/18/2023 20:20:18,1.17.0,Bandit,0,4.18,nan,30,80,20,Left,Left,10,4,10,10,nan,nan,0.14
9/18/2023 20:20:21,1.17.0,Bandit,0,4.18,1,30,80,20,Pellet,Left,10,4,11,10,0.42,15,nan
9/18/2023 20:20:33,1.17.0,Bandit,0,4.18,nan,30,80,20,Left,Left,11,4,11,11,nan,nan,0.02
9/18/2023 20:20:38,1.17.0,Bandit,0,4.18,2,30,80,20,Pellet,Left,11,4,12,11,2.93,17,nan
9/18/2023 20:21:42,1.17.0,Bandit,0,4.18,nan,30,80,20,Left,Left,12,4,12,12,nan,nan,0.13
9/18/2023 20:21:46,1.17.0,Bandit,0,4.18,1,30,80,20,Pellet,Left,12,4,13,12,2.01,68,nan
9/18/2023 20:22:04,1.17.0,Bandit,0,4.18,nan,30,80,20,Left,Left,13,4,13,13,nan,nan,0.12
9/18/2023 20:23:01,1.17.0,Bandit,0,4.18,1,30,80,20,Pellet,Left,13,4,14,13,54.89,75,nan
9/18/2023 20:23:33,1.17.0,Bandit,0,4.18,nan,30,80,20,Right,Left,13,5,14,14,nan,nan,0.06
9/18/2023 20:25:15,1.17.0,Bandit,0,4.17,nan,30,80,20,Right,Left,13,6,14,14,nan,nan,0.41
9/18/2023 20:26:25,1.17.0,Bandit,0,4.18,nan,30,80,20,Left,Left,14,6,14,14,nan,nan,0.34
9/18/2023 20:26:40,1.17.0,Bandit,0,4.18,nan,30,80,20,Left,Left,15,6,14,14,nan,nan,0.22
9/18/2023 20:26:47,1.17.0,Bandit,0,4.18,1,30,80,20,Pellet,Left,15,6,15,14,5.20,226,nan
9/18/2023 20:27:05,1.17.0,Bandit,0,4.18,nan,30,80,20,Left,Left,16,6,15,15,nan,nan,0.27
9/18/2023 20:27:19,1.17.0,Bandit,0,4.18,nan,30,80,20,Left,Left,17,6,15,15,nan,nan,0.15
9/18/2023 20:27:50,1.17.0,Bandit,0,4.18,1,30,80,20,Pellet,Left,17,6,16,15,29.32,63,nan
9/18/2023 20:29:19,1.17.0,Bandit,0,4.17,nan,30,80,20,Left,Left,18,6,16,16,nan,nan,0.06
9/18/2023 20:29:29,1.17.0,Bandit,0,4.18,1,30,80,20,Pellet,Left,18,6,17,16,8.27,99,nan
9/18/2023 20:30:19,1.17.0,Bandit,0,4.17,nan,30,80,20,Left,Left,19,6,17,17,nan,nan,0.32
9/18/2023 20:30:52,1.17.0,Bandit,0,4.18,nan,30,80,20,Left,Left,20,6,17,17,nan,nan,0.43
9/18/2023 20:31:00,1.17.0,Bandit,0,4.18,1,30,80,20,Pellet,Left,20,6,18,17,5.94,91,nan
9/18/2023 20:31:15,1.17.0,Bandit,0,4.18,nan,30,80,20,Left,Left,21,6,18,18,nan,nan,0.17
9/18/2023 20:31:40,1.17.0,Bandit,0,4.18,1,30,80,20,Pellet,Left,21,6,19,18,23.46,40,nan
9/18/2023 20:32:09,1.17.0,Bandit,0,4.18,nan,30,80,20,Left,Left,22,6,19,19,nan,nan,0.75
9/18/2023 20:32:27,1.17.0,Bandit,0,4.18,nan,30,80,20,RightWithPellet,Left,22,7,19,19,nan,nan,0.08
9/18/2023 20:32:58,1.17.0,Bandit,0,4.18,1,30,80,20,Pellet,Left,22,7,20,19,47.27,78,nan
9/18/2023 20:35:16,1.17.0,Bandit,0,4.18,nan,30,80,20,Right,Left,22,8,20,20,nan,nan,0.29
9/18/2023 20:35:31,1.17.0,Bandit,0,4.17,nan,30,80,20,Right,Left,22,9,20,20,nan,nan,0.12
9/18/2023 20:36:08,1.17.0,Bandit,0,4.18,nan,30,80,20,RightWithPellet,Left,22,10,20,20,nan,nan,0.01
9/18/2023 20:38:05,1.17.0,Bandit,0,4.18,1,30,80,20,Pellet,Left,22,10,21,20,Timed_out,307,nan
9/18/2023 20:38:28,1.17.0,Bandit,0,4.18,nan,30,80,20,Left,Left,23,10,21,21,nan,nan,0.03
9/18/2023 20:38:55,1.17.0,Bandit,0,4.18,nan,30,80,20,LeftWithPellet,Left,23,10,21,21,nan,nan,0.04
9/18/2023 20:39:44,1.17.0,Bandit,0,4.18,nan,30,80,20,LeftWithPellet,Left,23,10,21,21,nan,nan,0.06
9/18/2023 20:41:17,1.17.0,Bandit,0,4.17,1,30,80,20,Pellet,Left,23,10,22,21,Timed_out,192,nan
9/18/2023 20:41:33,1.17.0,Bandit,0,4.17,nan,30,80,20,Right,Left,23,11,22,22,nan,nan,0.13
9/18/2023 20:41:40,1.17.0,Bandit,0,4.17,nan,30,80,20,LeftinTimeOut,Left,23,11,22,22,nan,nan,nan
9/18/2023 20:41:58,1.17.0,Bandit,0,4.18,nan,30,80,20,Left,Left,24,11,22,22,nan,nan,0.08
9/18/2023 20:42:21,1.17.0,Bandit,0,4.17,1,30,80,20,Pellet,Left,24,11,23,22,21.12,64,nan
9/18/2023 20:42:40,1.17.0,Bandit,0,4.18,nan,30,80,20,Right,Left,24,12,23,23,nan,nan,0.21
9/18/2023 20:47:55,1.17.0,Bandit,0,4.18,nan,30,80,20,LeftWithPellet,Left,24,12,23,23,nan,nan,0.21
9/18/2023 21:00:59,1.17.0,Bandit,0,4.17,nan,30,80,20,LeftWithPellet,Left,24,12,23,23,nan,nan,0.18
9/18/2023 21:01:11,1.17.0,Bandit,0,4.18,1,30,80,20,Pellet,Left,24,12,24,23,Timed_out,1130,nan
9/18/2023 21:01:39,1.17.0,Bandit,0,4.17,nan,30,80,20,Left,Left,25,12,24,24,nan,nan,0.04
9/18/2023 21:01:43,1.17.0,Bandit,0,4.17,1,30,80,20,Pellet,Left,25,12,25,24,2.38,32,nan
9/18/2023 21:02:10,1.17.0,Bandit,0,4.17,nan,30,80,20,Left,Left,26,12,25,25,nan,nan,0.31
9/18/2023 21:03:59,1.17.0,Bandit,0,4.17,nan,30,80,20,Left,Left,27,12,25,25,nan,nan,0.17
9/18/2023 21:04:03,1.17.0,Bandit,0,4.18,1,30,80,20,Pellet,Left,27,12,26,25,1.46,140,nan
9/18/2023 21:04:26,1.17.0,Bandit,0,4.17,nan,30,80,20,Left,Left,28,12,26,26,nan,nan,0.40
9/18/2023 21:04:42,1.17.0,Bandit,0,4.18,nan,30,80,20,Left,Left,29,12,26,26,nan,nan,0.15
9/18/2023 21:04:46,1.17.0,Bandit,0,4.17,1,30,80,20,Pellet,Left,29,12,27,26,1.58,43,nan
9/18/2023 21:05:07,1.17.0,Bandit,0,4.17,nan,30,80,20,Left,Left,30,12,27,27,nan,nan,0.29
9/18/2023 21:14:54,1.17.0,Bandit,0,4.18,nan,30,80,20,Left,Left,31,12,27,27,nan,nan,0.28
9/18/2023 21:15:07,1.17.0,Bandit,0,4.17,nan,30,80,20,Left,Left,32,12,27,27,nan,nan,0.13
9/18/2023 21:15:11,1.17.0,Bandit,0,4.17,1,30,80,20,Pellet,Left,32,12,28,27,0.97,625,nan
9/18/2023 21:15:30,1.17.0,Bandit,0,4.17,nan,30,80,20,Left,Left,33,12,28,28,nan,nan,0.12
9/18/2023 21:15:33,1.17.0,Bandit,0,4.17,1,30,80,20,Pellet,Left,33,12,29,28,0.54,21,nan
9/18/2023 21:15:51,1.17.0,Bandit,0,4.17,nan,30,80,20,Left,Left,34,12,29,29,nan,nan,0.21
9/18/2023 21:15:54,1.17.0,Bandit,0,4.17,1,30,80,20,Pellet,Left,34,12,30,29,0.48,22,nan
9/18/2023 21:16:14,1.17.0,Bandit,0,4.17,nan,30,20,80,Left,Right,35,12,30,0,nan,nan,0.18
9/18/2023 21:16:20,1.17.0,Bandit,0,4.17,nan,30,20,80,LeftinTimeOut,Right,35,12,30,0,nan,nan,nan
9/18/2023 21:43:10,1.17.0,Bandit,0,4.16,nan,30,20,80,Left,Right,36,12,30,0,nan,nan,0.09
9/18/2023 21:43:13,1.17.0,Bandit,0,4.18,1,30,20,80,Pellet,Right,36,12,31,0,0.91,1639,nan
9/18/2023 21:43:32,1.17.0,Bandit,0,4.17,nan,30,20,80,Left,Right,37,12,31,1,nan,nan,0.37
9/18/2023 21:43:37,1.17.0,Bandit,0,4.17,nan,30,20,80,LeftinTimeOut,Right,37,12,31,1,nan,nan,nan
9/18/2023 21:43:39,1.17.0,Bandit,0,4.17,nan,30,20,80,LeftinTimeOut,Right,37,12,31,1,nan,nan,nan
9/18/2023 21:43:44,1.17.0,Bandit,0,4.17,nan,30,20,80,LeftinTimeOut,Right,37,12,31,1,nan,nan,nan
9/18/2023 21:43:48,1.17.0,Bandit,0,4.17,nan,30,20,80,LeftinTimeOut,Right,37,12,31,1,nan,nan,nan
9/18/2023 21:43:52,1.17.0,Bandit,0,4.17,nan,30,20,80,LeftinTimeOut,Right,37,12,31,1,nan,nan,nan
9/18/2023 21:43:56,1.17.0,Bandit,0,4.17,nan,30,20,80,LeftinTimeOut,Right,37,12,31,1,nan,nan,nan
9/18/2023 21:44:04,1.17.0,Bandit,0,4.17,nan,30,20,80,LeftinTimeOut,Right,37,12,31,1,nan,nan,nan
9/18/2023 21:44:06,1.17.0,Bandit,0,4.16,nan,30,20,80,LeftinTimeOut,Right,37,12,31,1,nan,nan,nan
9/18/2023 21:44:21,1.17.0,Bandit,0,4.17,nan,30,20,80,Left,Right,38,12,31,1,nan,nan,0.14
9/18/2023 21:44:24,1.17.0,Bandit,0,4.17,nan,30,20,80,LeftinTimeOut,Right,38,12,31,1,nan,nan,nan
9/18/2023 21:44:28,1.17.0,Bandit,0,4.17,nan,30,20,80,LeftinTimeOut,Right,38,12,31,1,nan,nan,nan
9/18/2023 21:44:31,1.17.0,Bandit,0,4.17,nan,30,20,80,RightinTimeout,Right,38,12,31,1,nan,nan,0.00
9/18/2023 21:44:50,1.17.0,Bandit,0,4.17,nan,30,20,80,Right,Right,38,13,31,1,nan,nan,0.19
9/18/2023 21:44:54,1.17.0,Bandit,0,4.17,1,30,20,80,Pellet,Right,38,13,32,1,1.15,101,nan
9/18/2023 21:45:09,1.17.0,Bandit,0,4.17,nan,30,20,80,Right,Right,38,14,32,2,nan,nan,0.08
9/18/2023 21:45:12,1.17.0,Bandit,0,4.17,1,30,20,80,Pellet,Right,38,14,33,2,0.48,18,nan
9/18/2023 21:45:30,1.17.0,Bandit,0,4.17,nan,30,20,80,Right,Right,38,15,33,3,nan,nan,0.06
9/18/2023 21:45:34,1.17.0,Bandit,0,4.17,nan,30,20,80,RightinTimeout,Right,38,15,33,3,nan,nan,0.00
9/18/2023 21:45:38,1.17.0,Bandit,0,4.17,nan,30,20,80,RightinTimeout,Right,38,15,33,3,nan,nan,0.00
9/18/2023 21:45:41,1.17.0,Bandit,0,4.17,nan,30,20,80,LeftinTimeOut,Right,38,15,33,3,nan,nan,nan
9/18/2023 21:46:06,1.17.0,Bandit,0,4.17,nan,30,20,80,Left,Right,39,15,33,3,nan,nan,0.21
9/18/2023 21:46:09,1.17.0,Bandit,0,4.17,nan,30,20,80,LeftinTimeOut,Right,39,15,33,3,nan,nan,nan
9/18/2023 21:46:28,1.17.0,Bandit,0,4.17,nan,30,20,80,Left,Right,40,15,33,3,nan,nan,0.16
9/18/2023 21:59:46,1.17.0,Bandit,0,4.17,nan,30,20,80,Left,Right,41,15,33,3,nan,nan,0.08
9/18/2023 21:59:49,1.17.0,Bandit,0,4.17,1,30,20,80,Pellet,Right,41,15,34,3,0.60,877,nan
9/18/2023 22:00:08,1.17.0,Bandit,0,4.17,nan,30,20,80,Left,Right,42,15,34,4,nan,nan,0.17
9/18/2023 22:00:14,1.17.0,Bandit,0,4.17,2,30,20,80,Pellet,Right,42,15,35,4,0.78,24,nan
9/18/2023 22:00:33,1.17.0,Bandit,0,4.17,nan,30,20,80,Left,Right,43,15,35,5,nan,nan,0.20
9/18/2023 22:00:38,1.17.0,Bandit,0,4.17,nan,30,20,80,LeftinTimeOut,Right,43,15,35,5,nan,nan,nan
9/18/2023 22:00:42,1.17.0,Bandit,0,4.17,nan,30,20,80,LeftinTimeOut,Right,43,15,35,5,nan,nan,nan
9/18/2023 22:00:42,1.17.0,Bandit,0,4.16,nan,30,20,80,LeftinTimeOut,Right,43,15,35,5,nan,nan,nan
9/18/2023 22:00:52,1.17.0,Bandit,0,4.17,nan,30,20,80,LeftinTimeOut,Right,43,15,35,5,nan,nan,nan
9/18/2023 22:00:56,1.17.0,Bandit,0,4.17,nan,30,20,80,LeftinTimeOut,Right,43,15,35,5,nan,nan,nan
9/18/2023 22:01:00,1.17.0,Bandit,0,4.16,nan,30,20,80,LeftinTimeOut,Right,43,15,35,5,nan,nan,nan
9/18/2023 22:01:04,1.17.0,Bandit,0,4.17,nan,30,20,80,LeftinTimeOut,Right,43,15,35,5,nan,nan,nan
9/18/2023 22:01:07,1.17.0,Bandit,0,4.17,nan,30,20,80,LeftinTimeOut,Right,43,15,35,5,nan,nan,nan
9/18/2023 22:01:10,1.17.0,Bandit,0,4.17,nan,30,20,80,LeftinTimeOut,Right,43,15,35,5,nan,nan,nan
9/18/2023 22:01:18,1.17.0,Bandit,0,4.17,nan,30,20,80,LeftinTimeOut,Right,43,15,35,5,nan,nan,nan
9/18/2023 22:01:22,1.17.0,Bandit,0,4.16,nan,30,20,80,LeftinTimeOut,Right,43,15,35,5,nan,nan,nan
9/18/2023 22:01:26,1.17.0,Bandit,0,4.17,nan,30,20,80,RightinTimeout,Right,43,15,35,5,nan,nan,0.00
9/18/2023 22:01:28,1.17.0,Bandit,0,4.17,nan,30,20,80,RightinTimeout,Right,43,15,35,5,nan,nan,0.00
9/18/2023 22:01:32,1.17.0,Bandit,0,4.17,nan,30,20,80,LeftinTimeOut,Right,43,15,35,5,nan,nan,nan
9/18/2023 22:01:34,1.17.0,Bandit,0,4.17,nan,30,20,80,LeftinTimeOut,Right,43,15,35,5,nan,nan,nan
9/18/2023 22:02:10,1.17.0,Bandit,0,4.17,nan,30,20,80,Left,Right,44,15,35,5,nan,nan,0.19
9/18/2023 22:02:14,1.17.0,Bandit,0,4.16,nan,30,20,80,LeftinTimeOut,Right,44,15,35,5,nan,nan,nan
9/18/2023 22:02:32,1.17.0,Bandit,0,4.17,nan,30,20,80,Left,Right,45,15,35,5,nan,nan,0.12
9/18/2023 22:02:50,1.17.0,Bandit,0,4.17,nan,30,20,80,Right,Right,45,16,35,5,nan,nan,0.19
9/18/2023 22:02:52,1.17.0,Bandit,0,4.17,1,30,20,80,Pellet,Right,45,16,36,5,0.48,159,nan
9/18/2023 22:03:09,1.17.0,Bandit,0,4.16,nan,30,20,80,Right,Right,45,17,36,6,nan,nan,0.04
9/18/2023 22:03:12,1.17.0,Bandit,0,4.17,1,30,20,80,Pellet,Right,45,17,37,6,0.54,20,nan
9/18/2023 22:03:28,1.17.0,Bandit,0,4.16,nan,30,20,80,Right,Right,45,18,37,7,nan,nan,0.07
9/18/2023 22:03:31,1.17.0,Bandit,0,4.17,1,30,20,80,Pellet,Right,45,18,38,7,0.48,19,nan
9/18/2023 22:03:48,1.17.0,Bandit,0,4.17,nan,30,20,80,Right,Right,45,19,38,8,nan,nan,0.08
9/18/2023 22:03:51,1.17.0,Bandit,0,4.17,nan,30,20,80,RightinTimeout,Right,45,19,38,8,nan,nan,0.00
9/18/2023 22:03:51,1.17.0,Bandit,0,4.16,nan,30,20,80,RightinTimeout,Right,45,19,38,8,nan,nan,0.00
9/18/2023 22:03:52,1.17.0,Bandit,0,4.17,nan,30,20,80,RightinTimeout,Right,45,19,38,8,nan,nan,0.00
9/18/2023 22:03:52,1.17.0,Bandit,0,4.17,nan,30,20,80,RightinTimeout,Right,45,19,38,8,nan,nan,0.00
9/18/2023 22:03:52,1.17.0,Bandit,0,4.17,nan,30,20,80,RightinTimeout,Right,45,19,38,8,nan,nan,0.00
9/18/2023 22:03:56,1.17.0,Bandit,0,4.17,nan,30,20,80,RightinTimeout,Right,45,19,38,8,nan,nan,0.00
9/18/2023 22:03:57,1.17.0,Bandit,0,4.17,nan,30,20,80,RightinTimeout,Right,45,19,38,8,nan,nan,0.00
9/18/2023 22:04:02,1.17.0,Bandit,0,4.17,nan,30,20,80,LeftinTimeOut,Right,45,19,38,8,nan,nan,nan
9/18/2023 22:17:15,1.17.0,Bandit,0,4.17,nan,30,20,80,Left,Right,46,19,38,8,nan,nan,0.15
9/18/2023 22:17:18,1.17.0,Bandit,0,4.17,nan,30,20,80,LeftinTimeOut,Right,46,19,38,8,nan,nan,nan
9/18/2023 22:17:21,1.17.0,Bandit,0,4.16,nan,30,20,80,LeftinTimeOut,Right,46,19,38,8,nan,nan,nan
9/18/2023 22:17:24,1.17.0,Bandit,0,4.17,nan,30,20,80,LeftinTimeOut,Right,46,19,38,8,nan,nan,nan
9/18/2023 22:17:27,1.17.0,Bandit,0,4.17,nan,30,20,80,RightinTimeout,Right,46,19,38,8,nan,nan,0.00
9/18/2023 22:17:30,1.17.0,Bandit,0,4.17,nan,30,20,80,RightinTimeout,Right,46,19,38,8,nan,nan,0.00
9/18/2023 22:17:30,1.17.0,Bandit,0,4.16,nan,30,20,80,RightinTimeout,Right,46,19,38,8,nan,nan,0.00
9/18/2023 22:17:30,1.17.0,Bandit,0,4.17,nan,30,20,80,RightinTimeout,Right,46,19,38,8,nan,nan,0.00
9/18/2023 22:17:33,1.17.0,Bandit,0,4.17,nan,30,20,80,LeftinTimeOut,Right,46,19,38,8,nan,nan,nan
9/18/2023 22:17:35,1.17.0,Bandit,0,4.17,nan,30,20,80,LeftinTimeOut,Right,46,19,38,8,nan,nan,nan
9/18/2023 22:17:36,1.17.0,Bandit,0,4.17,nan,30,20,80,LeftinTimeOut,Right,46,19,38,8,nan,nan,nan
9/18/2023 22:18:32,1.17.0,Bandit,0,4.16,nan,30,20,80,Left,Right,47,19,38,8,nan,nan,0.47
9/18/2023 22:18:36,1.17.0,Bandit,0,4.16,nan,30,20,80,LeftinTimeOut,Right,47,19,38,8,nan,nan,nan
9/18/2023 22:18:39,1.17.0,Bandit,0,4.16,nan,30,20,80,LeftinTimeOut,Right,47,19,38,8,nan,nan,nan
9/18/2023 22:18:41,1.17.0,Bandit,0,4.17,nan,30,20,80,LeftinTimeOut,Right,47,19,38,8,nan,nan,nan
9/18/2023 22:18:43,1.17.0,Bandit,0,4.16,nan,30,20,80,RightinTimeout,Right,47,19,38,8,nan,nan,0.00
9/18/2023 22:18:46,1.17.0,Bandit,0,4.16,nan,30,20,80,RightinTimeout,Right,47,19,38,8,nan,nan,0.00
9/18/2023 22:18:48,1.17.0,Bandit,0,4.17,nan,30,20,80,RightinTimeout,Right,47,19,38,8,nan,nan,0.00
9/18/2023 22:18:50,1.17.0,Bandit,0,4.17,nan,30,20,80,RightinTimeout,Right,47,19,38,8,nan,nan,0.00
9/18/2023 22:18:53,1.17.0,Bandit,0,4.17,nan,30,20,80,LeftinTimeOut,Right,47,19,38,8,nan,nan,nan
9/18/2023 22:18:55,1.17.0,Bandit,0,4.16,nan,30,20,80,LeftinTimeOut,Right,47,19,38,8,nan,nan,nan
9/18/2023 22:18:58,1.17.0,Bandit,0,4.17,nan,30,20,80,LeftinTimeOut,Right,47,19,38,8,nan,nan,nan
9/18/2023 22:19:01,1.17.0,Bandit,0,4.16,nan,30,20,80,RightinTimeout,Right,47,19,38,8,nan,nan,0.00
9/18/2023 22:19:02,1.17.0,Bandit,0,4.16,nan,30,20,80,RightinTimeout,Right,47,19,38,8,nan,nan,0.00
9/18/2023 22:19:08,1.17.0,Bandit,0,4.17,nan,30,20,80,LeftinTimeOut,Right,47,19,38,8,nan,nan,nan
9/18/2023 22:19:11,1.17.0,Bandit,0,4.16,nan,30,20,80,LeftinTimeOut,Right,47,19,38,8,nan,nan,nan
9/18/2023 22:19:14,1.17.0,Bandit,0,4.17,nan,30,20,80,LeftinTimeOut,Right,47,19,38,8,nan,nan,nan
9/18/2023 22:19:28,1.17.0,Bandit,0,4.17,nan,30,20,80,Left,Right,48,19,38,8,nan,nan,0.16
9/18/2023 22:19:31,1.17.0,Bandit,0,4.16,nan,30,20,80,LeftinTimeOut,Right,48,19,38,8,nan,nan,nan
9/18/2023 22:19:35,1.17.0,Bandit,0,4.16,nan,30,20,80,LeftinTimeOut,Right,48,19,38,8,nan,nan,nan
9/18/2023 22:19:40,1.17.0,Bandit,0,4.17,nan,30,20,80,LeftinTimeOut,Right,48,19,38,8,nan,nan,nan
9/18/2023 22:19:44,1.17.0,Bandit,0,4.17,nan,30,20,80,LeftinTimeOut,Right,48,19,38,8,nan,nan,nan
9/18/2023 22:19:46,1.17.0,Bandit,0,4.17,nan,30,20,80,LeftinTimeOut,Right,48,19,38,8,nan,nan,nan
9/18/2023 22:20:16,1.17.0,Bandit,0,4.16,nan,30,20,80,Left,Right,49,19,38,8,nan,nan,0.07
9/18/2023 22:20:20,1.17.0,Bandit,0,4.17,nan,30,20,80,LeftinTimeOut,Right,49,19,38,8,nan,nan,nan
9/18/2023 22:20:23,1.17.0,Bandit,0,4.17,nan,30,20,80,RightinTimeout,Right,49,19,38,8,nan,nan,0.00
9/18/2023 22:20:23,1.17.0,Bandit,0,4.16,nan,30,20,80,RightinTimeout,Right,49,19,38,8,nan,nan,0.00
9/18/2023 22:20:45,1.17.0,Bandit,0,4.16,nan,30,20,80,Right,Right,49,20,38,8,nan,nan,0.09
9/18/2023 22:20:48,1.17.0,Bandit,0,4.17,nan,30,20,80,RightinTimeout,Right,49,20,38,8,nan,nan,0.00
9/18/2023 22:20:51,1.17.0,Bandit,0,4.17,nan,30,20,80,RightinTimeout,Right,49,20,38,8,nan,nan,0.00
9/18/2023 22:21:05,1.17.0,Bandit,0,4.17,nan,30,20,80,Left,Right,50,20,38,8,nan,nan,0.20
9/18/2023 22:21:16,1.17.0,Bandit,0,4.16,nan,30,20,80,RightinTimeout,Right,50,20,38,8,nan,nan,0.00
9/18/2023 22:21:25,1.17.0,Bandit,0,4.16,nan,30,20,80,LeftinTimeOut,Right,50,20,38,8,nan,nan,nan
9/18/2023 22:21:32,1.17.0,Bandit,0,4.16,nan,30,20,80,RightinTimeout,Right,50,20,38,8,nan,nan,0.00
9/18/2023 22:21:35,1.17.0,Bandit,0,4.17,nan,30,20,80,RightinTimeout,Right,50,20,38,8,nan,nan,0.00
9/18/2023 22:21:38,1.17.0,Bandit,0,4.17,nan,30,20,80,LeftinTimeOut,Right,50,20,38,8,nan,nan,nan
9/18/2023 22:21:53,1.17.0,Bandit,0,4.17,nan,30,20,80,Left,Right,51,20,38,8,nan,nan,0.17
9/18/2023 22:21:56,1.17.0,Bandit,0,4.16,nan,30,20,80,LeftinTimeOut,Right,51,20,38,8,nan,nan,nan
9/18/2023 22:22:00,1.17.0,Bandit,0,4.16,nan,30,20,80,LeftinTimeOut,Right,51,20,38,8,nan,nan,nan
9/18/2023 22:22:19,1.17.0,Bandit,0,4.17,nan,30,20,80,Left,Right,52,20,38,8,nan,nan,0.17
9/18/2023 22:22:22,1.17.0,Bandit,0,4.16,1,30,20,80,Pellet,Right,52,20,39,8,0.78,1131,nan
9/18/2023 22:22:38,1.17.0,Bandit,0,4.16,nan,30,20,80,Left,Right,53,20,39,9,nan,nan,0.29
9/18/2023 22:22:44,1.17.0,Bandit,0,4.16,nan,30,20,80,LeftinTimeOut,Right,53,20,39,9,nan,nan,nan
9/18/2023 22:22:48,1.17.0,Bandit,0,4.17,nan,30,20,80,LeftinTimeOut,Right,53,20,39,9,nan,nan,nan
9/18/2023 22:22:50,1.17.0,Bandit,0,4.16,nan,30,20,80,LeftinTimeOut,Right,53,20,39,9,nan,nan,nan
9/18/2023 22:23:31,1.17.0,Bandit,0,4.17,nan,30,20,80,Right,Right,53,21,39,9,nan,nan,0.17
9/18/2023 22:23:34,1.17.0,Bandit,0,4.16,1,30,20,80,Pellet,Right,53,21,40,9,0.42,71,nan
9/18/2023 22:23:50,1.17.0,Bandit,0,4.17,nan,30,20,80,Right,Right,53,22,40,10,nan,nan,0.03
9/18/2023 22:23:53,1.17.0,Bandit,0,4.16,1,30,20,80,Pellet,Right,53,22,41,10,0.42,19,nan
9/18/2023 22:24:15,1.17.0,Bandit,0,4.17,nan,30,20,80,Right,Right,53,23,41,11,nan,nan,0.12
9/18/2023 22:24:18,1.17.0,Bandit,0,4.16,1,30,20,80,Pellet,Right,53,23,42,11,0.42,26,nan
9/18/2023 22:24:34,1.17.0,Bandit,0,4.16,nan,30,20,80,Right,Right,53,24,42,12,nan,nan,0.09
9/18/2023 22:24:37,1.17.0,Bandit,0,4.16,1,30,20,80,Pellet,Right,53,24,43,12,0.42,18,nan
9/18/2023 22:24:55,1.17.0,Bandit,0,4.16,nan,30,20,80,Right,Right,53,25,43,13,nan,nan,0.09
9/18/2023 22:24:57,1.17.0,Bandit,0,4.16,1,30,20,80,Pellet,Right,53,25,44,13,0.48,21,nan
9/18/2023 22:25:22,1.17.0,Bandit,0,4.17,nan,30,20,80,Right,Right,53,26,44,14,nan,nan,0.04
9/18/2023 22:25:24,1.17.0,Bandit,0,4.16,1,30,20,80,Pellet,Right,53,26,45,14,0.42,27,nan
9/18/2023 22:25:42,1.17.0,Bandit,0,4.17,nan,30,20,80,Right,Right,53,27,45,15,nan,nan,0.21
9/18/2023 22:25:49,1.17.0,Bandit,0,4.17,nan,30,20,80,RightinTimeout,Right,53,27,45,15,nan,nan,0.00
9/18/2023 22:40:05,1.17.0,Bandit,0,4.16,nan,30,20,80,Right,Right,53,28,45,15,nan,nan,0.15
9/18/2023 22:41:24,1.17.0,Bandit,0,4.16,nan,30,20,80,Left,Right,54,28,45,15,nan,nan,0.14
9/18/2023 22:42:00,1.17.0,Bandit,0,4.16,nan,30,20,80,Left,Right,55,28,45,15,nan,nan,0.00
9/18/2023 22:54:39,1.17.0,Bandit,0,4.16,nan,30,20,80,Left,Right,56,28,45,15,nan,nan,0.15
9/18/2023 22:54:43,1.17.0,Bandit,0,4.16,nan,30,20,80,LeftinTimeOut,Right,56,28,45,15,nan,nan,nan
9/18/2023 22:54:45,1.17.0,Bandit,0,4.16,nan,30,20,80,LeftinTimeOut,Right,56,28,45,15,nan,nan,nan
9/18/2023 22:54:48,1.17.0,Bandit,0,4.16,nan,30,20,80,LeftinTimeOut,Right,56,28,45,15,nan,nan,nan
9/18/2023 22:54:52,1.17.0,Bandit,0,4.16,nan,30,20,80,RightinTimeout,Right,56,28,45,15,nan,nan,0.00
9/18/2023 22:54:55,1.17.0,Bandit,0,4.16,nan,30,20,80,RightinTimeout,Right,56,28,45,15,nan,nan,0.00
9/18/2023 22:54:58,1.17.0,Bandit,0,4.16,nan,30,20,80,RightinTimeout,Right,56,28,45,15,nan,nan,0.00
9/18/2023 22:55:04,1.17.0,Bandit,0,4.16,nan,30,20,80,LeftinTimeOut,Right,56,28,45,15,nan,nan,nan
9/18/2023 22:55:05,1.17.0,Bandit,0,4.16,nan,30,20,80,LeftinTimeOut,Right,56,28,45,15,nan,nan,nan
9/18/2023 22:55:06,1.17.0,Bandit,0,4.16,nan,30,20,80,RightinTimeout,Right,56,28,45,15,nan,nan,0.00
9/18/2023 22:55:12,1.17.0,Bandit,0,4.16,nan,30,20,80,LeftinTimeOut,Right,56,28,45,15,nan,nan,nan
9/18/2023 22:55:16,1.17.0,Bandit,0,4.16,nan,30,20,80,LeftinTimeOut,Right,56,28,45,15,nan,nan,nan
9/18/2023 22:55:20,1.17.0,Bandit,0,4.16,nan,30,20,80,LeftinTimeOut,Right,56,28,45,15,nan,nan,nan
9/18/2023 22:55:22,1.17.0,Bandit,0,4.16,nan,30,20,80,RightinTimeout,Right,56,28,45,15,nan,nan,0.00
9/18/2023 22:55:28,1.17.0,Bandit,0,4.16,nan,30,20,80,LeftinTimeOut,Right,56,28,45,15,nan,nan,nan
9/18/2023 22:55:32,1.17.0,Bandit,0,4.16,nan,30,20,80,RightinTimeout,Right,56,28,45,15,nan,nan,0.00
9/18/2023 22:55:33,1.17.0,Bandit,0,4.16,nan,30,20,80,RightinTimeout,Right,56,28,45,15,nan,nan,0.00
9/18/2023 22:55:35,1.17.0,Bandit,0,4.16,nan,30,20,80,RightinTimeout,Right,56,28,45,15,nan,nan,0.00
9/18/2023 22:55:35,1.17.0,Bandit,0,4.16,nan,30,20,80,RightinTimeout,Right,56,28,45,15,nan,nan,0.00
9/18/2023 22:55:35,1.17.0,Bandit,0,4.17,nan,30,20,80,RightinTimeout,Right,56,28,45,15,nan,nan,0.00
9/18/2023 22:55:38,1.17.0,Bandit,0,4.16,nan,30,20,80,RightinTimeout,Right,56,28,45,15,nan,nan,0.00
9/18/2023 22:55:41,1.17.0,Bandit,0,4.16,nan,30,20,80,LeftinTimeOut,Right,56,28,45,15,nan,nan,nan
9/18/2023 22:55:44,1.17.0,Bandit,0,4.16,nan,30,20,80,LeftinTimeOut,Right,56,28,45,15,nan,nan,nan
9/18/2023 22:55:45,1.17.0,Bandit,0,4.16,nan,30,20,80,LeftinTimeOut,Right,56,28,45,15,nan,nan,nan
9/18/2023 22:56:09,1.17.0,Bandit,0,4.16,nan,30,20,80,Right,Right,56,29,45,15,nan,nan,0.31
9/18/2023 22:56:19,1.17.0,Bandit,0,4.16,nan,30,20,80,RightinTimeout,Right,56,29,45,15,nan,nan,0.00
9/18/2023 22:56:33,1.17.0,Bandit,0,4.16,nan,30,20,80,Left,Right,57,29,45,15,nan,nan,0.08
9/18/2023 22:56:36,1.17.0,Bandit,0,4.16,1,30,20,80,Pellet,Right,57,29,46,15,0.54,1872,nan
9/18/2023 22:56:54,1.17.0,Bandit,0,4.16,nan,30,20,80,Left,Right,58,29,46,16,nan,nan,0.67
9/18/2023 22:56:59,1.17.0,Bandit,0,4.16,nan,30,20,80,LeftinTimeOut,Right,58,29,46,16,nan,nan,nan
9/18/2023 22:57:02,1.17.0,Bandit,0,4.16,nan,30,20,80,LeftinTimeOut,Right,58,29,46,16,nan,nan,nan
9/18/2023 22:57:04,1.17.0,Bandit,0,4.16,nan,30,20,80,LeftinTimeOut,Right,58,29,46,16,nan,nan,nan
9/18/2023 22:57:45,1.17.0,Bandit,0,4.16,nan,30,20,80,Right,Right,58,30,46,16,nan,nan,0.11
9/18/2023 22:57:47,1.17.0,Bandit,0,4.16,1,30,20,80,Pellet,Right,58,30,47,16,0.42,71,nan
9/18/2023 22:58:04,1.17.0,Bandit,0,4.16,nan,30,20,80,Right,Right,58,31,47,17,nan,nan,0.26
9/18/2023 22:58:10,1.17.0,Bandit,0,4.16,nan,30,20,80,RightinTimeout,Right,58,31,47,17,nan,nan,0.00
9/18/2023 22:58:10,1.17.0,Bandit,0,4.16,nan,30,20,80,RightinTimeout,Right,58,31,47,17,nan,nan,0.00
9/18/2023 22:58:14,1.17.0,Bandit,0,4.16,nan,30,20,80,RightinTimeout,Right,58,31,47,17,nan,nan,0.00
9/18/2023 22:59:46,1.17.0,Bandit,0,4.16,nan,30,20,80,Left,Right,59,31,47,17,nan,nan,0.14
9/18/2023 23:04:50,1.17.0,Bandit,0,4.16,nan,30,20,80,Left,Right,60,31,47,17,nan,nan,0.10
9/18/2023 23:05:52,1.17.0,Bandit,0,4.16,nan,30,20,80,Left,Right,61,31,47,17,nan,nan,0.11
9/18/2023 23:06:02,1.17.0,Bandit,0,4.16,nan,30,20,80,LeftinTimeOut,Right,61,31,47,17,nan,nan,nan
9/18/2023 23:06:15,1.17.0,Bandit,0,4.16,nan,30,20,80,Right,Right,61,32,47,17,nan,nan,0.31
9/18/2023 23:06:17,1.17.0,Bandit,0,4.16,1,30,20,80,Pellet,Right,61,32,48,17,0.42,510,nan
9/18/2023 23:06:37,1.17.0,Bandit,0,4.16,nan,30,20,80,Right,Right,61,33,48,18,nan,nan,0.02
9/18/2023 23:06:41,1.17.0,Bandit,0,4.16,1,30,20,80,Pellet,Right,61,33,49,18,0.97,23,nan
9/18/2023 23:07:06,1.17.0,Bandit,0,4.16,nan,30,20,80,Right,Right,61,34,49,19,nan,nan,0.03
9/18/2023 23:07:09,1.17.0,Bandit,0,4.16,1,30,20,80,Pellet,Right,61,34,50,19,0.42,29,nan
9/18/2023 23:07:33,1.17.0,Bandit,0,4.16,nan,30,20,80,Right,Right,61,35,50,20,nan,nan,0.20
9/18/2023 23:07:35,1.17.0,Bandit,0,4.16,1,30,20,80,Pellet,Right,61,35,51,20,0.42,26,nan
9/18/2023 23:07:52,1.17.0,Bandit,0,4.16,nan,30,20,80,Right,Right,61,36,51,21,nan,nan,0.06
9/18/2023 23:07:54,1.17.0,Bandit,0,4.16,1,30,20,80,Pellet,Right,61,36,52,21,0.42,19,nan
9/18/2023 23:08:09,1.17.0,Bandit,0,4.16,nan,30,20,80,Right,Right,61,37,52,22,nan,nan,0.08
9/18/2023 23:08:12,1.17.0,Bandit,0,4.16,1,30,20,80,Pellet,Right,61,37,53,22,0.42,18,nan
9/18/2023 23:08:29,1.17.0,Bandit,0,4.16,nan,30,20,80,Right,Right,61,38,53,23,nan,nan,0.14
9/18/2023 23:08:37,1.17.0,Bandit,0,4.16,nan,30,20,80,RightinTimeout,Right,61,38,53,23,nan,nan,0.00
9/18/2023 23:08:41,1.17.0,Bandit,0,4.16,nan,30,20,80,RightinTimeout,Right,61,38,53,23,nan,nan,0.00
9/18/2023 23:08:44,1.17.0,Bandit,0,4.16,nan,30,20,80,RightinTimeout,Right,61,38,53,23,nan,nan,0.00
9/18/2023 23:08:50,1.17.0,Bandit,0,4.16,nan,30,20,80,RightinTimeout,Right,61,38,53,23,nan,nan,0.00
9/18/2023 23:08:54,1.17.0,Bandit,0,4.16,nan,30,20,80,LeftinTimeOut,Right,61,38,53,23,nan,nan,nan
9/18/2023 23:09:12,1.17.0,Bandit,0,4.16,nan,30,20,80,Left,Right,62,38,53,23,nan,nan,0.12
9/18/2023 23:10:53,1.17.0,Bandit,0,4.16,nan,30,20,80,Right,Right,62,39,53,23,nan,nan,0.16
9/18/2023 23:11:48,1.17.0,Bandit,0,4.16,nan,30,20,80,Left,Right,63,39,53,23,nan,nan,0.13
9/18/2023 23:26:28,1.17.0,Bandit,0,4.16,nan,30,20,80,Left,Right,64,39,53,23,nan,nan,0.33
9/18/2023 23:26:38,1.17.0,Bandit,0,4.16,nan,30,20,80,LeftinTimeOut,Right,64,39,53,23,nan,nan,nan
9/18/2023 23:26:42,1.17.0,Bandit,0,4.16,nan,30,20,80,LeftinTimeOut,Right,64,39,53,23,nan,nan,nan
9/18/2023 23:26:44,1.17.0,Bandit,0,4.16,nan,30,20,80,LeftinTimeOut,Right,64,39,53,23,nan,nan,nan
9/18/2023 23:26:47,1.17.0,Bandit,0,4.16,nan,30,20,80,LeftinTimeOut,Right,64,39,53,23,nan,nan,nan
9/18/2023 23:26:52,1.17.0,Bandit,0,4.16,nan,30,20,80,LeftinTimeOut,Right,64,39,53,23,nan,nan,nan
9/18/2023 23:26:54,1.17.0,Bandit,0,4.16,nan,30,20,80,LeftinTimeOut,Right,64,39,53,23,nan,nan,nan
9/18/2023 23:26:56,1.17.0,Bandit,0,4.16,nan,30,20,80,RightinTimeout,Right,64,39,53,23,nan,nan,0.00
9/18/2023 23:26:59,1.17.0,Bandit,0,4.16,nan,30,20,80,RightinTimeout,Right,64,39,53,23,nan,nan,0.00
9/18/2023 23:26:59,1.17.0,Bandit,0,4.16,nan,30,20,80,RightinTimeout,Right,64,39,53,23,nan,nan,0.00
9/18/2023 23:26:59,1.17.0,Bandit,0,4.16,nan,30,20,80,RightinTimeout,Right,64,39,53,23,nan,nan,0.00
9/18/2023 23:27:02,1.17.0,Bandit,0,4.16,nan,30,20,80,RightinTimeout,Right,64,39,53,23,nan,nan,0.00
9/18/2023 23:27:02,1.17.0,Bandit,0,4.16,nan,30,20,80,RightinTimeout,Right,64,39,53,23,nan,nan,0.00
9/18/2023 23:27:03,1.17.0,Bandit,0,4.16,nan,30,20,80,RightinTimeout,Right,64,39,53,23,nan,nan,0.00
9/18/2023 23:27:05,1.17.0,Bandit,0,4.16,nan,30,20,80,RightinTimeout,Right,64,39,53,23,nan,nan,0.00
9/18/2023 23:27:08,1.17.0,Bandit,0,4.16,nan,30,20,80,LeftinTimeOut,Right,64,39,53,23,nan,nan,nan
9/18/2023 23:27:10,1.17.0,Bandit,0,4.16,nan,30,20,80,RightinTimeout,Right,64,39,53,23,nan,nan,0.00
9/18/2023 23:27:21,1.17.0,Bandit,0,4.16,nan,30,20,80,Right,Right,64,40,53,23,nan,nan,0.26
9/18/2023 23:27:24,1.17.0,Bandit,0,4.16,1,30,20,80,Pellet,Right,64,40,54,23,0.78,1152,nan
9/18/2023 23:28:01,1.17.0,Bandit,0,4.16,nan,30,20,80,Right,Right,64,41,54,24,nan,nan,0.07
9/18/2023 23:28:04,1.17.0,Bandit,0,4.16,1,30,20,80,Pellet,Right,64,41,55,24,0.48,40,nan
9/18/2023 23:28:27,1.17.0,Bandit,0,4.16,nan,30,20,80,Right,Right,64,42,55,25,nan,nan,0.04
9/18/2023 23:28:29,1.17.0,Bandit,0,4.16,1,30,20,80,Pellet,Right,64,42,56,25,0.42,25,nan
9/18/2023 23:28:48,1.17.0,Bandit,0,4.16,nan,30,20,80,Right,Right,64,43,56,26,nan,nan,0.41
9/18/2023 23:28:52,1.17.0,Bandit,0,4.16,nan,30,20,80,RightinTimeout,Right,64,43,56,26,nan,nan,0.00
9/18/2023 23:28:52,1.17.0,Bandit,0,4.16,nan,30,20,80,RightinTimeout,Right,64,43,56,26,nan,nan,0.00
9/18/2023 23:28:53,1.17.0,Bandit,0,4.16,nan,30,20,80,RightinTimeout,Right,64,43,56,26,nan,nan,0.00
9/18/2023 23:28:53,1.17.0,Bandit,0,4.16,nan,30,20,80,RightinTimeout,Right,64,43,56,26,nan,nan,0.00
9/18/2023 23:28:53,1.17.0,Bandit,0,4.16,nan,30,20,80,RightinTimeout,Right,64,43,56,26,nan,nan,0.00
9/18/2023 23:41:36,1.17.0,Bandit,0,4.16,nan,30,20,80,Left,Right,65,43,56,26,nan,nan,0.11
9/18/2023 23:41:38,1.17.0,Bandit,0,4.16,1,30,20,80,Pellet,Right,65,43,57,26,0.48,789,nan
9/18/2023 23:41:55,1.17.0,Bandit,0,4.16,nan,30,20,80,Left,Right,66,43,57,27,nan,nan,0.16
9/18/2023 23:41:58,1.17.0,Bandit,0,4.16,nan,30,20,80,LeftinTimeOut,Right,66,43,57,27,nan,nan,nan
9/18/2023 23:48:18,1.17.0,Bandit,0,4.16,nan,30,20,80,Left,Right,67,43,57,27,nan,nan,0.31
9/18/2023 23:48:20,1.17.0,Bandit,0,4.16,1,30,20,80,Pellet,Right,67,43,58,27,0.42,402,nan
9/18/2023 23:48:43,1.17.0,Bandit,0,4.16,nan,30,20,80,Left,Right,68,43,58,28,nan,nan,0.26
9/18/2023 23:48:46,1.17.0,Bandit,0,4.16,nan,30,20,80,LeftinTimeOut,Right,68,43,58,28,nan,nan,nan
9/18/2023 23:48:49,1.17.0,Bandit,0,4.16,nan,30,20,80,LeftinTimeOut,Right,68,43,58,28,nan,nan,nan
9/18/2023 23:49:00,1.17.0,Bandit,0,4.16,nan,30,20,80,Left,Right,69,43,58,28,nan,nan,0.32
9/18/2023 23:52:30,1.17.0,Bandit,0,4.16,nan,30,20,80,Left,Right,70,43,58,28,nan,nan,0.00
9/18/2023 23:58:13,1.17.0,Bandit,0,4.16,nan,30,20,80,Left,Right,71,43,58,28,nan,nan,0.17
9/18/2023 23:58:16,1.17.0,Bandit,0,4.16,nan,30,20,80,LeftinTimeOut,Right,71,43,58,28,nan,nan,nan
9/18/2023 23:58:19,1.17.0,Bandit,0,4.16,nan,30,20,80,LeftinTimeOut,Right,71,43,58,28,nan,nan,nan
9/18/2023 23:58:22,1.17.0,Bandit,0,4.16,nan,30,20,80,RightinTimeout,Right,71,43,58,28,nan,nan,0.00
9/18/2023 23:58:25,1.17.0,Bandit,0,4.16,nan,30,20,80,RightinTimeout,Right,71,43,58,28,nan,nan,0.00
9/18/2023 23:58:26,1.17.0,Bandit,0,4.16,nan,30,20,80,RightinTimeout,Right,71,43,58,28,nan,nan,0.00
9/18/2023 23:58:35,1.17.0,Bandit,0,4.16,nan,30,20,80,LeftinTimeOut,Right,71,43,58,28,nan,nan,nan
9/18/2023 23:58:38,1.17.0,Bandit,0,4.16,nan,30,20,80,LeftinTimeOut,Right,71,43,58,28,nan,nan,nan
9/18/2023 23:58:41,1.17.0,Bandit,0,4.16,nan,30,20,80,LeftinTimeOut,Right,71,43,58,28,nan,nan,nan
9/18/2023 23:58:45,1.17.0,Bandit,0,4.16,nan,30,20,80,LeftinTimeOut,Right,71,43,58,28,nan,nan,nan
9/18/2023 23:58:54,1.17.0,Bandit,0,4.16,nan,30,20,80,RightinTimeout,Right,71,43,58,28,nan,nan,0.00
9/18/2023 23:58:56,1.17.0,Bandit,0,4.16,nan,30,20,80,RightinTimeout,Right,71,43,58,28,nan,nan,0.00
9/18/2023 23:58:59,1.17.0,Bandit,0,4.16,nan,30,20,80,RightinTimeout,Right,71,43,58,28,nan,nan,0.00
9/18/2023 23:59:00,1.17.0,Bandit,0,4.16,nan,30,20,80,RightinTimeout,Right,71,43,58,28,nan,nan,0.00
9/18/2023 23:59:08,1.17.0,Bandit,0,4.16,nan,30,20,80,RightinTimeout,Right,71,43,58,28,nan,nan,0.00
9/18/2023 23:59:11,1.17.0,Bandit,0,4.16,nan,30,20,80,RightinTimeout,Right,71,43,58,28,nan,nan,0.00
9/18/2023 23:59:15,1.17.0,Bandit,0,4.16,nan,30,20,80,LeftinTimeOut,Right,71,43,58,28,nan,nan,nan
9/18/2023 23:59:30,1.17.0,Bandit,0,4.16,nan,30,20,80,Right,Right,71,44,58,28,nan,nan,0.07
9/18/2023 23:59:33,1.17.0,Bandit,0,4.16,1,30,20,80,Pellet,Right,71,44,59,28,1.15,673,nan
9/18/2023 23:59:58,1.17.0,Bandit,0,4.16,nan,30,20,80,Right,Right,71,45,59,29,nan,nan,0.14
9/19/2023 0:00:01,1.17.0,Bandit,0,4.16,1,30,20,80,Pellet,Right,71,45,60,29,0.66,28,nan
9/19/2023 0:00:24,1.17.0,Bandit,0,4.16,nan,30,80,20,Right,Left,71,46,60,0,nan,nan,0.11
9/19/2023 0:00:27,1.17.0,Bandit,0,4.16,nan,30,80,20,RightinTimeout,Left,71,46,60,0,nan,nan,0.00
9/19/2023 0:00:41,1.17.0,Bandit,0,4.16,nan,30,80,20,Left,Left,72,46,60,0,nan,nan,0.29
9/19/2023 0:00:46,1.17.0,Bandit,0,4.16,2,30,80,20,Pellet,Left,72,46,61,0,2.31,45,nan
9/19/2023 0:01:24,1.17.0,Bandit,0,4.16,nan,30,80,20,Left,Left,73,46,61,1,nan,nan,0.35
9/19/2023 0:01:31,1.17.0,Bandit,0,4.16,nan,30,80,20,LeftinTimeOut,Left,73,46,61,1,nan,nan,nan
9/19/2023 0:01:33,1.17.0,Bandit,0,4.16,nan,30,80,20,LeftinTimeOut,Left,73,46,61,1,nan,nan,nan
9/19/2023 0:01:55,1.17.0,Bandit,0,4.16,nan,30,80,20,Right,Left,73,47,61,1,nan,nan,0.06
9/19/2023 0:01:57,1.17.0,Bandit,0,4.16,nan,30,80,20,RightinTimeout,Left,73,47,61,1,nan,nan,0.00
9/19/2023 0:02:16,1.17.0,Bandit,0,4.16,nan,30,80,20,Left,Left,74,47,61,1,nan,nan,0.20
9/19/2023 0:02:41,1.17.0,Bandit,0,4.16,nan,30,80,20,Right,Left,74,48,61,1,nan,nan,0.11
9/19/2023 0:02:44,1.17.0,Bandit,0,4.16,nan,30,80,20,RightinTimeout,Left,74,48,61,1,nan,nan,0.00
9/19/2023 0:02:49,1.17.0,Bandit,0,4.16,nan,30,80,20,LeftinTimeOut,Left,74,48,61,1,nan,nan,nan
9/19/2023 0:03:00,1.17.0,Bandit,0,4.16,nan,30,80,20,Left,Left,75,48,61,1,nan,nan,0.11
9/19/2023 0:03:03,1.17.0,Bandit,0,4.16,1,30,80,20,Pellet,Left,75,48,62,1,0.42,137,nan
9/19/2023 0:03:21,1.17.0,Bandit,0,4.16,nan,30,80,20,Left,Left,76,48,62,2,nan,nan,0.40
9/19/2023 0:03:52,1.17.0,Bandit,0,4.16,nan,30,80,20,Right,Left,76,49,62,2,nan,nan,0.12
9/19/2023 0:07:06,1.17.0,Bandit,0,4.16,nan,30,80,20,Left,Left,77,49,62,2,nan,nan,0.11
9/19/2023 0:07:08,1.17.0,Bandit,0,4.16,1,30,80,20,Pellet,Left,77,49,63,2,0.42,245,nan
9/19/2023 0:07:33,1.17.0,Bandit,0,4.16,nan,30,80,20,Left,Left,78,49,63,3,nan,nan,0.16
9/19/2023 0:07:36,1.17.0,Bandit,0,4.16,nan,30,80,20,LeftinTimeOut,Left,78,49,63,3,nan,nan,nan
9/19/2023 0:08:47,1.17.0,Bandit,0,4.16,nan,30,80,20,Right,Left,78,50,63,3,nan,nan,0.10
9/19/2023 0:09:19,1.17.0,Bandit,0,4.16,nan,30,80,20,Left,Left,79,50,63,3,nan,nan,0.07
9/19/2023 0:09:21,1.17.0,Bandit,0,4.16,1,30,80,20,Pellet,Left,79,50,64,3,0.42,133,nan
9/19/2023 0:09:48,1.17.0,Bandit,0,4.16,nan,30,80,20,Left,Left,80,50,64,4,nan,nan,0.21
9/19/2023 0:09:51,1.17.0,Bandit,0,4.16,1,30,80,20,Pellet,Left,80,50,65,4,0.42,30,nan
9/19/2023 0:10:09,1.17.0,Bandit,0,4.16,nan,30,80,20,Left,Left,81,50,65,5,nan,nan,0.20
9/19/2023 0:10:11,1.17.0,Bandit,0,4.16,1,30,80,20,Pellet,Left,81,50,66,5,0.42,20,nan
9/19/2023 0:10:26,1.17.0,Bandit,0,4.16,nan,30,80,20,Left,Left,82,50,66,6,nan,nan,0.13
9/19/2023 0:10:28,1.17.0,Bandit,0,4.15,1,30,80,20,Pellet,Left,82,50,67,6,0.42,17,nan
9/19/2023 0:10:47,1.17.0,Bandit,0,4.16,nan,30,80,20,Left,Left,83,50,67,7,nan,nan,0.58
9/19/2023 0:10:56,1.17.0,Bandit,0,4.16,nan,30,80,20,LeftinTimeOut,Left,83,50,67,7,nan,nan,nan
9/19/2023 0:21:50,1.17.0,Bandit,0,4.16,nan,30,80,20,Left,Left,84,50,67,7,nan,nan,0.17
9/19/2023 0:21:53,1.17.0,Bandit,0,4.16,1,30,80,20,Pellet,Left,84,50,68,7,0.48,684,nan
9/19/2023 0:22:37,1.17.0,Bandit,0,4.16,nan,30,80,20,Right,Left,84,51,68,8,nan,nan,0.10
9/19/2023 0:22:40,1.17.0,Bandit,0,4.15,nan,30,80,20,RightinTimeout,Left,84,51,68,8,nan,nan,0.00
9/19/2023 0:22:41,1.17.0,Bandit,0,4.15,nan,30,80,20,RightinTimeout,Left,84,51,68,8,nan,nan,0.00
9/19/2023 0:22:42,1.17.0,Bandit,0,4.16,nan,30,80,20,RightinTimeout,Left,84,51,68,8,nan,nan,0.00
9/19/2023 0:22:44,1.17.0,Bandit,0,4.15,nan,30,80,20,RightinTimeout,Left,84,51,68,8,nan,nan,0.00
9/19/2023 0:22:50,1.17.0,Bandit,0,4.16,nan,30,80,20,LeftinTimeOut,Left,84,51,68,8,nan,nan,nan
9/19/2023 0:22:59,1.17.0,Bandit,0,4.16,nan,30,80,20,RightinTimeout,Left,84,51,68,8,nan,nan,0.00
9/19/2023 0:23:07,1.17.0,Bandit,0,4.16,nan,30,80,20,LeftinTimeOut,Left,84,51,68,8,nan,nan,nan
9/19/2023 0:23:14,1.17.0,Bandit,0,4.16,nan,30,80,20,LeftinTimeOut,Left,84,51,68,8,nan,nan,nan
9/19/2023 0:23:17,1.17.0,Bandit,0,4.16,nan,30,80,20,LeftinTimeOut,Left,84,51,68,8,nan,nan,nan
9/19/2023 0:23:23,1.17.0,Bandit,0,4.16,nan,30,80,20,LeftinTimeOut,Left,84,51,68,8,nan,nan,nan
9/19/2023 0:23:25,1.17.0,Bandit,0,4.16,nan,30,80,20,LeftinTimeOut,Left,84,51,68,8,nan,nan,nan
9/19/2023 0:23:29,1.17.0,Bandit,0,4.16,nan,30,80,20,LeftinTimeOut,Left,84,51,68,8,nan,nan,nan
9/19/2023 0:23:54,1.17.0,Bandit,0,4.16,nan,30,80,20,Right,Left,84,52,68,8,nan,nan,0.15
9/19/2023 0:24:16,1.17.0,Bandit,0,4.16,nan,30,80,20,Right,Left,84,53,68,8,nan,nan,0.16
9/19/2023 0:24:18,1.17.0,Bandit,0,4.16,nan,30,80,20,RightinTimeout,Left,84,53,68,8,nan,nan,0.00
9/19/2023 0:24:33,1.17.0,Bandit,0,4.16,nan,30,80,20,Left,Left,85,53,68,8,nan,nan,0.12
9/19/2023 0:24:36,1.17.0,Bandit,0,4.16,1,30,80,20,Pellet,Left,85,53,69,8,0.48,164,nan
9/19/2023 0:24:54,1.17.0,Bandit,0,4.16,nan,30,80,20,Left,Left,86,53,69,9,nan,nan,0.10
9/19/2023 0:24:56,1.17.0,Bandit,0,4.16,1,30,80,20,Pellet,Left,86,53,70,9,0.42,20,nan
9/19/2023 0:25:13,1.17.0,Bandit,0,4.15,nan,30,80,20,Left,Left,87,53,70,10,nan,nan,0.16
9/19/2023 0:25:25,1.17.0,Bandit,0,4.15,2,30,80,20,Pellet,Left,87,53,71,10,8.21,29,nan
9/19/2023 0:25:48,1.17.0,Bandit,0,4.16,nan,30,80,20,Left,Left,88,53,71,11,nan,nan,0.16
9/19/2023 0:25:51,1.17.0,Bandit,0,4.15,1,30,80,20,Pellet,Left,88,53,72,11,0.42,26,nan
9/19/2023 0:26:15,1.17.0,Bandit,0,4.16,nan,30,80,20,Left,Left,89,53,72,12,nan,nan,0.18
9/19/2023 0:26:18,1.17.0,Bandit,0,4.16,1,30,80,20,Pellet,Left,89,53,73,12,0.78,27,nan
9/19/2023 0:26:36,1.17.0,Bandit,0,4.16,nan,30,80,20,Left,Left,90,53,73,13,nan,nan,0.60
9/19/2023 0:26:38,1.17.0,Bandit,0,4.16,1,30,80,20,Pellet,Left,90,53,74,13,0.42,20,nan
9/19/2023 0:26:57,1.17.0,Bandit,0,4.16,nan,30,80,20,Left,Left,91,53,74,14,nan,nan,0.29
9/19/2023 0:27:00,1.17.0,Bandit,0,4.16,1,30,80,20,Pellet,Left,91,53,75,14,0.42,22,nan
9/19/2023 0:27:22,1.17.0,Bandit,0,4.15,nan,30,80,20,Left,Left,92,53,75,15,nan,nan,0.43
9/19/2023 0:27:25,1.17.0,Bandit,0,4.16,1,30,80,20,Pellet,Left,92,53,76,15,0.42,25,nan
9/19/2023 0:27:51,1.17.0,Bandit,0,4.16,nan,30,80,20,Left,Left,93,53,76,16,nan,nan,0.15
9/19/2023 0:27:53,1.17.0,Bandit,0,4.15,1,30,80,20,Pellet,Left,93,53,77,16,0.42,28,nan
9/19/2023 0:28:11,1.17.0,Bandit,0,4.15,nan,30,80,20,Left,Left,94,53,77,17,nan,nan,0.29
9/19/2023 0:28:13,1.17.0,Bandit,0,4.16,1,30,80,20,Pellet,Left,94,53,78,17,0.42,20,nan
9/19/2023 0:28:34,1.17.0,Bandit,0,4.16,nan,30,80,20,Left,Left,95,53,78,18,nan,nan,0.44
9/19/2023 0:28:36,1.17.0,Bandit,0,4.16,1,30,80,20,Pellet,Left,95,53,79,18,0.42,23,nan
9/19/2023 0:28:56,1.17.0,Bandit,0,4.16,nan,30,80,20,Left,Left,96,53,79,19,nan,nan,0.31
9/19/2023 0:28:59,1.17.0,Bandit,0,4.16,1,30,80,20,Pellet,Left,96,53,80,19,0.42,22,nan
9/19/2023 0:29:24,1.17.0,Bandit,0,4.16,nan,30,80,20,Left,Left,97,53,80,20,nan,nan,0.21
9/19/2023 0:29:26,1.17.0,Bandit,0,4.16,1,30,80,20,Pellet,Left,97,53,81,20,0.42,28,nan
9/19/2023 0:37:41,1.17.0,Bandit,0,4.15,nan,30,80,20,Left,Left,98,53,81,21,nan,nan,0.31
9/19/2023 0:37:43,1.17.0,Bandit,0,4.15,1,30,80,20,Pellet,Left,98,53,82,21,0.48,497,nan
9/19/2023 0:38:02,1.17.0,Bandit,0,4.16,nan,30,80,20,Left,Left,99,53,82,22,nan,nan,0.09
9/19/2023 0:38:05,1.17.0,Bandit,0,4.16,1,30,80,20,Pellet,Left,99,53,83,22,0.42,22,nan
9/19/2023 0:38:30,1.17.0,Bandit,0,4.16,nan,30,80,20,Left,Left,100,53,83,23,nan,nan,0.17
9/19/2023 0:43:57,1.17.0,Bandit,0,4.16,nan,30,80,20,Left,Left,101,53,83,23,nan,nan,0.23
9/19/2023 0:44:00,1.17.0,Bandit,0,4.16,1,30,80,20,Pellet,Left,101,53,84,23,0.42,355,nan
9/19/2023 0:44:20,1.17.0,Bandit,0,4.15,nan,30,80,20,Left,Left,102,53,84,24,nan,nan,0.13
9/19/2023 0:44:22,1.17.0,Bandit,0,4.15,1,30,80,20,Pellet,Left,102,53,85,24,0.42,22,nan
9/19/2023 0:44:36,1.17.0,Bandit,0,4.16,nan,30,80,20,Left,Left,103,53,85,25,nan,nan,0.06
9/19/2023 0:44:38,1.17.0,Bandit,0,4.15,1,30,80,20,Pellet,Left,103,53,86,25,0.54,16,nan
9/19/2023 0:44:58,1.17.0,Bandit,0,4.15,nan,30,80,20,Left,Left,104,53,86,26,nan,nan,0.17
9/19/2023 0:45:00,1.17.0,Bandit,0,4.15,1,30,80,20,Pellet,Left,104,53,87,26,0.42,22,nan
9/19/2023 0:45:21,1.17.0,Bandit,0,4.16,nan,30,80,20,Left,Left,105,53,87,27,nan,nan,0.70
9/19/2023 0:45:26,1.17.0,Bandit,0,4.15,nan,30,80,20,LeftinTimeOut,Left,105,53,87,27,nan,nan,nan
9/19/2023 0:56:24,1.17.0,Bandit,0,4.16,nan,30,80,20,Left,Left,106,53,87,27,nan,nan,0.10
9/19/2023 1:07:45,1.17.0,Bandit,0,4.15,nan,30,80,20,Left,Left,107,53,87,27,nan,nan,0.33
9/19/2023 1:07:48,1.17.0,Bandit,0,4.16,1,30,80,20,Pellet,Left,107,53,88,27,0.84,1368,nan
9/19/2023 1:08:22,1.17.0,Bandit,0,4.16,nan,30,80,20,Left,Left,108,53,88,28,nan,nan,0.44
9/19/2023 1:08:25,1.17.0,Bandit,0,4.16,1,30,80,20,Pellet,Left,108,53,89,28,0.42,37,nan
9/19/2023 1:08:40,1.17.0,Bandit,0,4.16,nan,30,80,20,Left,Left,109,53,89,29,nan,nan,0.08
9/19/2023 1:08:43,1.17.0,Bandit,0,4.15,1,30,80,20,Pellet,Left,109,53,90,29,0.42,18,nan
9/19/2023 1:09:06,1.17.0,Bandit,0,4.15,nan,30,20,80,Left,Right,110,53,90,0,nan,nan,0.48
9/19/2023 1:09:10,1.17.0,Bandit,0,4.15,nan,30,20,80,LeftinTimeOut,Right,110,53,90,0,nan,nan,nan
9/19/2023 1:09:11,1.17.0,Bandit,0,4.15,nan,30,20,80,LeftinTimeOut,Right,110,53,90,0,nan,nan,nan
9/19/2023 1:10:02,1.17.0,Bandit,0,4.16,nan,30,20,80,Left,Right,111,53,90,0,nan,nan,0.16
9/19/2023 1:10:04,1.17.0,Bandit,0,4.15,1,30,20,80,Pellet,Right,111,53,91,0,0.42,81,nan
9/19/2023 1:10:22,1.17.0,Bandit,0,4.15,nan,30,20,80,Left,Right,112,53,91,1,nan,nan,0.10
9/19/2023 1:10:26,1.17.0,Bandit,0,4.15,nan,30,20,80,LeftinTimeOut,Right,112,53,91,1,nan,nan,nan
9/19/2023 1:11:03,1.17.0,Bandit,0,4.15,nan,30,20,80,Left,Right,113,53,91,1,nan,nan,0.20
9/19/2023 1:11:06,1.17.0,Bandit,0,4.16,1,30,20,80,Pellet,Right,113,53,92,1,0.42,62,nan
9/19/2023 1:11:28,1.17.0,Bandit,0,4.15,nan,30,20,80,Left,Right,114,53,92,2,nan,nan,0.15
9/19/2023 1:31:18,1.17.0,Bandit,0,4.15,nan,30,20,80,Left,Right,115,53,92,2,nan,nan,0.19
9/19/2023 1:31:20,1.17.0,Bandit,0,4.15,nan,30,20,80,LeftinTimeOut,Right,115,53,92,2,nan,nan,nan
9/19/2023 1:31:31,1.17.0,Bandit,0,4.16,nan,30,20,80,LeftinTimeOut,Right,115,53,92,2,nan,nan,nan
9/19/2023 1:31:32,1.17.0,Bandit,0,4.15,nan,30,20,80,LeftinTimeOut,Right,115,53,92,2,nan,nan,nan
9/19/2023 1:31:35,1.17.0,Bandit,0,4.16,nan,30,20,80,RightinTimeout,Right,115,53,92,2,nan,nan,0.00
9/19/2023 1:31:45,1.17.0,Bandit,0,4.14,nan,30,20,80,LeftinTimeOut,Right,115,53,92,2,nan,nan,nan
9/19/2023 1:44:19,1.17.0,Bandit,0,4.15,nan,30,20,80,Left,Right,116,53,92,2,nan,nan,0.23
9/19/2023 1:44:22,1.17.0,Bandit,0,4.15,nan,30,20,80,LeftinTimeOut,Right,116,53,92,2,nan,nan,nan
9/19/2023 2:39:48,1.17.0,Bandit,0,4.14,nan,30,20,80,Right,Right,116,54,92,2,nan,nan,0.26
9/19/2023 2:39:51,1.17.0,Bandit,0,4.14,1,30,20,80,Pellet,Right,116,54,93,2,0.66,5325,nan
9/19/2023 2:40:17,1.17.0,Bandit,0,4.14,nan,30,20,80,Right,Right,116,55,93,3,nan,nan,0.06
9/19/2023 2:40:20,1.17.0,Bandit,0,4.14,1,30,20,80,Pellet,Right,116,55,94,3,0.42,28,nan
9/19/2023 2:40:50,1.17.0,Bandit,0,4.14,nan,30,20,80,Right,Right,116,56,94,4,nan,nan,0.34
9/19/2023 2:40:53,1.17.0,Bandit,0,4.15,1,30,20,80,Pellet,Right,116,56,95,4,0.78,34,nan
9/19/2023 2:41:11,1.17.0,Bandit,0,4.14,nan,30,20,80,Right,Right,116,57,95,5,nan,nan,0.10
9/19/2023 2:41:14,1.17.0,Bandit,0,4.14,1,30,20,80,Pellet,Right,116,57,96,5,0.42,21,nan
9/19/2023 2:41:31,1.17.0,Bandit,0,4.15,nan,30,20,80,Right,Right,116,58,96,6,nan,nan,0.08
9/19/2023 2:41:33,1.17.0,Bandit,0,4.14,1,30,20,80,Pellet,Right,116,58,97,6,0.42,19,nan
9/19/2023 2:41:51,1.17.0,Bandit,0,4.14,nan,30,20,80,Right,Right,116,59,97,7,nan,nan,0.05
9/19/2023 2:42:07,1.17.0,Bandit,0,4.14,nan,30,20,80,Right,Right,116,60,97,7,nan,nan,0.18
9/19/2023 2:42:09,1.17.0,Bandit,0,4.15,1,30,20,80,Pellet,Right,116,60,98,7,0.42,36,nan
9/19/2023 2:42:43,1.17.0,Bandit,0,4.14,nan,30,20,80,Right,Right,116,61,98,8,nan,nan,0.07
9/19/2023 2:42:45,1.17.0,Bandit,0,4.14,nan,30,20,80,RightinTimeout,Right,116,61,98,8,nan,nan,0.00
9/19/2023 2:43:15,1.17.0,Bandit,0,4.14,nan,30,20,80,Right,Right,116,62,98,8,nan,nan,0.15
9/19/2023 2:44:18,1.17.0,Bandit,0,4.14,nan,30,20,80,Left,Right,117,62,98,8,nan,nan,0.16
9/19/2023 2:44:22,1.17.0,Bandit,0,4.15,nan,30,20,80,RightinTimeout,Right,117,62,98,8,nan,nan,0.00
9/19/2023 3:05:52,1.17.0,Bandit,0,4.14,nan,30,20,80,Left,Right,118,62,98,8,nan,nan,0.10
9/19/2023 3:06:06,1.17.0,Bandit,0,4.14,nan,30,20,80,Right,Right,118,63,98,8,nan,nan,0.02
9/19/2023 3:06:08,1.17.0,Bandit,0,4.14,1,30,20,80,Pellet,Right,118,63,99,8,0.66,1439,nan
9/19/2023 3:06:32,1.17.0,Bandit,0,4.14,nan,30,20,80,Left,Right,119,63,99,9,nan,nan,0.08
9/19/2023 3:06:36,1.17.0,Bandit,0,4.15,nan,30,20,80,LeftinTimeOut,Right,119,63,99,9,nan,nan,nan
9/19/2023 3:06:39,1.17.0,Bandit,0,4.14,nan,30,20,80,RightinTimeout,Right,119,63,99,9,nan,nan,0.00
9/19/2023 3:06:40,1.17.0,Bandit,0,4.14,nan,30,20,80,RightinTimeout,Right,119,63,99,9,nan,nan,0.00
9/19/2023 3:06:40,1.17.0,Bandit,0,4.14,nan,30,20,80,RightinTimeout,Right,119,63,99,9,nan,nan,0.00
9/19/2023 3:06:40,1.17.0,Bandit,0,4.14,nan,30,20,80,RightinTimeout,Right,119,63,99,9,nan,nan,0.00
9/19/2023 3:06:41,1.17.0,Bandit,0,4.14,nan,30,20,80,RightinTimeout,Right,119,63,99,9,nan,nan,0.00
9/19/2023 3:06:46,1.17.0,Bandit,0,4.14,nan,30,20,80,RightinTimeout,Right,119,63,99,9,nan,nan,0.00
9/19/2023 3:06:51,1.17.0,Bandit,0,4.14,nan,30,20,80,LeftinTimeOut,Right,119,63,99,9,nan,nan,nan
9/19/2023 3:06:52,1.17.0,Bandit,0,4.14,nan,30,20,80,LeftinTimeOut,Right,119,63,99,9,nan,nan,nan
9/19/2023 3:07:01,1.17.0,Bandit,0,4.14,nan,30,20,80,LeftinTimeOut,Right,119,63,99,9,nan,nan,nan
9/19/2023 3:07:02,1.17.0,Bandit,0,4.14,nan,30,20,80,RightinTimeout,Right,119,63,99,9,nan,nan,0.00
9/19/2023 3:07:12,1.17.0,Bandit,0,4.14,nan,30,20,80,RightinTimeout,Right,119,63,99,9,nan,nan,0.00
9/19/2023 3:07:40,1.17.0,Bandit,0,4.14,nan,30,20,80,Left,Right,120,63,99,9,nan,nan,0.06
9/19/2023 3:07:43,1.17.0,Bandit,0,4.15,nan,30,20,80,LeftinTimeOut,Right,120,63,99,9,nan,nan,nan
9/19/2023 3:08:06,1.17.0,Bandit,0,4.14,nan,30,20,80,Left,Right,121,63,99,9,nan,nan,0.03
9/19/2023 3:08:12,1.17.0,Bandit,0,4.14,nan,30,20,80,RightinTimeout,Right,121,63,99,9,nan,nan,0.00
9/19/2023 3:08:14,1.17.0,Bandit,0,4.14,nan,30,20,80,RightinTimeout,Right,121,63,99,9,nan,nan,0.00
9/19/2023 3:08:32,1.17.0,Bandit,0,4.14,nan,30,20,80,Right,Right,121,64,99,9,nan,nan,0.12
9/19/2023 3:08:34,1.17.0,Bandit,0,4.14,1,30,20,80,Pellet,Right,121,64,100,9,0.42,146,nan
9/19/2023 3:09:09,1.17.0,Bandit,0,4.14,nan,30,20,80,Right,Right,121,65,100,10,nan,nan,0.20
9/19/2023 3:09:11,1.17.0,Bandit,0,4.14,nan,30,20,80,RightinTimeout,Right,121,65,100,10,nan,nan,0.00
9/19/2023 3:09:12,1.17.0,Bandit,0,4.14,nan,30,20,80,RightinTimeout,Right,121,65,100,10,nan,nan,0.00
9/19/2023 3:09:15,1.17.0,Bandit,0,4.15,nan,30,20,80,RightinTimeout,Right,121,65,100,10,nan,nan,0.00
9/19/2023 3:10:20,1.17.0,Bandit,0,4.14,nan,30,20,80,Right,Right,121,66,100,10,nan,nan,0.09
9/19/2023 3:10:23,1.17.0,Bandit,0,4.14,1,30,20,80,Pellet,Right,121,66,101,10,0.42,109,nan
9/19/2023 3:10:47,1.17.0,Bandit,0,4.15,nan,30,20,80,Right,Right,121,67,101,11,nan,nan,0.09
9/19/2023 3:10:50,1.17.0,Bandit,0,4.14,1,30,20,80,Pellet,Right,121,67,102,11,0.42,27,nan
9/19/2023 3:11:20,1.17.0,Bandit,0,4.14,nan,30,20,80,Right,Right,121,68,102,12,nan,nan,0.00
9/19/2023 3:11:23,1.17.0,Bandit,0,4.14,1,30,20,80,Pellet,Right,121,68,103,12,0.42,33,nan
9/19/2023 3:11:51,1.17.0,Bandit,0,4.14,nan,30,20,80,Right,Right,121,69,103,13,nan,nan,0.77
9/19/2023 3:11:54,1.17.0,Bandit,0,4.15,1,30,20,80,Pellet,Right,121,69,104,13,0.42,30,nan
9/19/2023 3:12:17,1.17.0,Bandit,0,4.14,nan,30,20,80,Right,Right,121,70,104,14,nan,nan,0.22
9/19/2023 3:13:15,1.17.0,Bandit,0,4.14,nan,30,20,80,Right,Right,121,71,104,14,nan,nan,0.01
9/19/2023 3:13:18,1.17.0,Bandit,0,4.14,1,30,20,80,Pellet,Right,121,71,105,14,0.42,85,nan
9/19/2023 3:13:45,1.17.0,Bandit,0,4.14,nan,30,20,80,Right,Right,121,72,105,15,nan,nan,0.11
9/19/2023 3:13:48,1.17.0,Bandit,0,4.15,2,30,20,80,Pellet,Right,121,72,106,15,0.42,30,nan
9/19/2023 3:14:04,1.17.0,Bandit,0,4.14,nan,30,20,80,Right,Right,121,73,106,16,nan,nan,0.26
9/19/2023 3:14:07,1.17.0,Bandit,0,4.14,1,30,20,80,Pellet,Right,121,73,107,16,0.42,19,nan
9/19/2023 3:14:25,1.17.0,Bandit,0,4.14,nan,30,20,80,Right,Right,121,74,107,17,nan,nan,0.02
9/19/2023 3:14:29,1.17.0,Bandit,0,4.14,nan,30,20,80,RightinTimeout,Right,121,74,107,17,nan,nan,0.00
9/19/2023 3:41:33,1.17.0,Bandit,0,4.14,nan,30,20,80,Left,Right,122,74,107,17,nan,nan,0.09
9/19/2023 3:41:37,1.17.0,Bandit,0,4.14,nan,30,20,80,LeftinTimeOut,Right,122,74,107,17,nan,nan,nan
9/19/2023 3:41:40,1.17.0,Bandit,0,4.14,nan,30,20,80,LeftinTimeOut,Right,122,74,107,17,nan,nan,nan
9/19/2023 3:41:42,1.17.0,Bandit,0,4.14,nan,30,20,80,RightinTimeout,Right,122,74,107,17,nan,nan,0.00
9/19/2023 3:41:44,1.17.0,Bandit,0,4.14,nan,30,20,80,RightinTimeout,Right,122,74,107,17,nan,nan,0.00
9/19/2023 3:41:44,1.17.0,Bandit,0,4.14,nan,30,20,80,RightinTimeout,Right,122,74,107,17,nan,nan,0.00
9/19/2023 3:41:45,1.17.0,Bandit,0,4.14,nan,30,20,80,RightinTimeout,Right,122,74,107,17,nan,nan,0.00
9/19/2023 3:41:45,1.17.0,Bandit,0,4.14,nan,30,20,80,RightinTimeout,Right,122,74,107,17,nan,nan,0.00
9/19/2023 3:41:47,1.17.0,Bandit,0,4.14,nan,30,20,80,RightinTimeout,Right,122,74,107,17,nan,nan,0.00
9/19/2023 3:41:50,1.17.0,Bandit,0,4.14,nan,30,20,80,RightinTimeout,Right,122,74,107,17,nan,nan,0.00
9/19/2023 3:41:58,1.17.0,Bandit,0,4.14,nan,30,20,80,RightinTimeout,Right,122,74,107,17,nan,nan,0.00
9/19/2023 3:42:01,1.17.0,Bandit,0,4.14,nan,30,20,80,RightinTimeout,Right,122,74,107,17,nan,nan,0.00
9/19/2023 3:42:09,1.17.0,Bandit,0,4.14,nan,30,20,80,LeftinTimeOut,Right,122,74,107,17,nan,nan,nan
9/19/2023 3:42:18,1.17.0,Bandit,0,4.14,nan,30,20,80,LeftinTimeOut,Right,122,74,107,17,nan,nan,nan
9/19/2023 3:42:38,1.17.0,Bandit,0,4.14,nan,30,20,80,Right,Right,122,75,107,17,nan,nan,0.16
9/19/2023 3:42:41,1.17.0,Bandit,0,4.14,1,30,20,80,Pellet,Right,122,75,108,17,0.48,1713,nan
9/19/2023 3:43:01,1.17.0,Bandit,0,4.14,nan,30,20,80,Right,Right,122,76,108,18,nan,nan,0.08
9/19/2023 3:43:04,1.17.0,Bandit,0,4.14,1,30,20,80,Pellet,Right,122,76,109,18,0.42,24,nan
9/19/2023 3:43:21,1.17.0,Bandit,0,4.14,nan,30,20,80,Right,Right,122,77,109,19,nan,nan,0.13
9/19/2023 3:43:24,1.17.0,Bandit,0,4.14,1,30,20,80,Pellet,Right,122,77,110,19,0.42,20,nan
9/19/2023 3:44:06,1.17.0,Bandit,0,4.14,nan,30,20,80,Right,Right,122,78,110,20,nan,nan,0.11
9/19/2023 3:44:09,1.17.0,Bandit,0,4.14,1,30,20,80,Pellet,Right,122,78,111,20,0.42,45,nan
9/19/2023 3:44:29,1.17.0,Bandit,0,4.14,nan,30,20,80,Right,Right,122,79,111,21,nan,nan,0.38
9/19/2023 3:44:32,1.17.0,Bandit,0,4.14,1,30,20,80,Pellet,Right,122,79,112,21,0.42,23,nan
9/19/2023 3:44:56,1.17.0,Bandit,0,4.14,nan,30,20,80,Right,Right,122,80,112,22,nan,nan,0.23
9/19/2023 3:44:59,1.17.0,Bandit,0,4.14,1,30,20,80,Pellet,Right,122,80,113,22,0.48,27,nan
9/19/2023 3:45:19,1.17.0,Bandit,0,4.14,nan,30,20,80,Right,Right,122,81,113,23,nan,nan,0.03
9/19/2023 3:45:21,1.17.0,Bandit,0,4.14,1,30,20,80,Pellet,Right,122,81,114,23,0.48,22,nan
9/19/2023 3:45:40,1.17.0,Bandit,0,4.14,nan,30,20,80,Right,Right,122,82,114,24,nan,nan,0.03
9/19/2023 3:45:43,1.17.0,Bandit,0,4.14,1,30,20,80,Pellet,Right,122,82,115,24,1.15,22,nan
9/19/2023 3:46:02,1.17.0,Bandit,0,4.14,nan,30,20,80,Right,Right,122,83,115,25,nan,nan,0.04
9/19/2023 3:46:05,1.17.0,Bandit,0,4.14,2,30,20,80,Pellet,Right,122,83,116,25,0.42,22,nan
9/19/2023 3:46:25,1.17.0,Bandit,0,4.14,nan,30,20,80,Right,Right,122,84,116,26,nan,nan,0.07
9/19/2023 3:46:28,1.17.0,Bandit,0,4.14,1,30,20,80,Pellet,Right,122,84,117,26,0.42,22,nan
9/19/2023 3:46:51,1.17.0,Bandit,0,4.14,nan,30,20,80,Right,Right,122,85,117,27,nan,nan,0.25
9/19/2023 3:46:53,1.17.0,Bandit,0,4.14,1,30,20,80,Pellet,Right,122,85,118,27,0.42,26,nan
9/19/2023 3:47:15,1.17.0,Bandit,0,4.14,nan,30,20,80,Right,Right,122,86,118,28,nan,nan,0.55
9/19/2023 3:50:02,1.17.0,Bandit,0,4.14,nan,30,20,80,Left,Right,123,86,118,28,nan,nan,0.05
9/19/2023 3:50:04,1.17.0,Bandit,0,4.14,1,30,20,80,Pellet,Right,123,86,119,28,0.48,191,nan
9/19/2023 3:54:00,1.17.0,Bandit,0,4.14,nan,30,20,80,Right,Right,123,87,119,29,nan,nan,0.16
9/19/2023 3:54:03,1.17.0,Bandit,0,4.14,nan,30,20,80,LeftinTimeOut,Right,123,87,119,29,nan,nan,nan
9/19/2023 3:54:14,1.17.0,Bandit,0,4.14,nan,30,20,80,Left,Right,124,87,119,29,nan,nan,0.07
9/19/2023 4:02:24,1.17.0,Bandit,0,4.14,nan,30,20,80,Left,Right,125,87,119,29,nan,nan,0.08
9/19/2023 4:10:59,1.17.0,Bandit,0,4.14,nan,30,20,80,Right,Right,125,88,119,29,nan,nan,0.16
9/19/2023 4:11:02,1.17.0,Bandit,0,4.14,1,30,20,80,Pellet,Right,125,88,120,29,0.48,1258,nan
9/19/2023 4:15:33,1.17.0,Bandit,0,4.14,nan,30,80,20,Left,Left,126,88,120,0,nan,nan,0.14
9/19/2023 4:15:36,1.17.0,Bandit,0,4.14,1,30,80,20,Pellet,Left,126,88,121,0,0.48,274,nan
9/19/2023 4:16:06,1.17.0,Bandit,0,4.14,nan,30,80,20,Left,Left,127,88,121,1,nan,nan,0.13
9/19/2023 4:16:08,1.17.0,Bandit,0,4.14,1,30,80,20,Pellet,Left,127,88,122,1,0.42,32,nan
9/19/2023 4:16:27,1.17.0,Bandit,0,4.14,nan,30,80,20,Left,Left,128,88,122,2,nan,nan,0.07
9/19/2023 4:16:30,1.17.0,Bandit,0,4.14,1,30,80,20,Pellet,Left,128,88,123,2,0.42,22,nan
9/19/2023 4:16:48,1.17.0,Bandit,0,4.14,nan,30,80,20,Left,Left,129,88,123,3,nan,nan,0.04
9/19/2023 4:16:54,1.17.0,Bandit,0,4.14,nan,30,80,20,LeftinTimeOut,Left,129,88,123,3,nan,nan,nan
9/19/2023 4:16:56,1.17.0,Bandit,0,4.14,nan,30,80,20,LeftinTimeOut,Left,129,88,123,3,nan,nan,nan
9/19/2023 4:17:22,1.17.0,Bandit,0,4.14,nan,30,80,20,Left,Left,130,88,123,3,nan,nan,0.04
9/19/2023 4:17:25,1.17.0,Bandit,0,4.14,1,30,80,20,Pellet,Left,130,88,124,3,0.42,55,nan
9/19/2023 4:17:51,1.17.0,Bandit,0,4.14,nan,30,80,20,Left,Left,131,88,124,4,nan,nan,0.19
9/19/2023 4:17:54,1.17.0,Bandit,0,4.14,1,30,80,20,Pellet,Left,131,88,125,4,0.42,29,nan
9/19/2023 4:18:13,1.17.0,Bandit,0,4.14,nan,30,80,20,Left,Left,132,88,125,5,nan,nan,0.10
9/19/2023 4:18:16,1.17.0,Bandit,0,4.14,1,30,80,20,Pellet,Left,132,88,126,5,0.42,21,nan
9/19/2023 4:20:35,1.17.0,Bandit,0,4.14,nan,30,80,20,Left,Left,133,88,126,6,nan,nan,0.05
9/19/2023 4:20:38,1.17.0,Bandit,0,4.14,1,30,80,20,Pellet,Left,133,88,127,6,0.48,143,nan
9/19/2023 4:21:01,1.17.0,Bandit,0,4.14,nan,30,80,20,Left,Left,134,88,127,7,nan,nan,0.17
9/19/2023 4:21:04,1.17.0,Bandit,0,4.14,1,30,80,20,Pellet,Left,134,88,128,7,0.66,26,nan
9/19/2023 4:21:26,1.17.0,Bandit,0,4.14,nan,30,80,20,Left,Left,135,88,128,8,nan,nan,0.09
9/19/2023 5:08:38,1.17.0,Bandit,0,4.13,nan,30,80,20,Left,Left,136,88,128,8,nan,nan,0.05
9/19/2023 5:08:41,1.17.0,Bandit,0,4.13,1,30,80,20,Pellet,Left,136,88,129,8,0.42,2857,nan
9/19/2023 5:09:20,1.17.0,Bandit,0,4.14,nan,30,80,20,Left,Left,137,88,129,9,nan,nan,0.01
9/19/2023 5:09:23,1.17.0,Bandit,0,4.14,1,30,80,20,Pellet,Left,137,88,130,9,0.60,42,nan
9/19/2023 5:09:48,1.17.0,Bandit,0,4.13,nan,30,80,20,Left,Left,138,88,130,10,nan,nan,0.18
9/19/2023 5:09:50,1.17.0,Bandit,0,4.13,1,30,80,20,Pellet,Left,138,88,131,10,0.42,27,nan
9/19/2023 5:10:13,1.17.0,Bandit,0,4.13,nan,30,80,20,Left,Left,139,88,131,11,nan,nan,0.01
9/19/2023 5:10:16,1.17.0,Bandit,0,4.14,nan,30,80,20,LeftinTimeOut,Left,139,88,131,11,nan,nan,nan
9/19/2023 5:10:18,1.17.0,Bandit,0,4.14,nan,30,80,20,LeftinTimeOut,Left,139,88,131,11,nan,nan,nan
9/19/2023 5:10:56,1.17.0,Bandit,0,4.14,nan,30,80,20,Left,Left,140,88,131,11,nan,nan,0.23
9/19/2023 5:10:59,1.17.0,Bandit,0,4.13,1,30,80,20,Pellet,Left,140,88,132,11,0.97,69,nan
9/19/2023 5:11:32,1.17.0,Bandit,0,4.14,nan,30,80,20,Left,Left,141,88,132,12,nan,nan,0.15
9/19/2023 5:11:35,1.17.0,Bandit,0,4.14,1,30,80,20,Pellet,Left,141,88,133,12,0.42,36,nan
9/19/2023 6:46:54,1.17.0,Bandit,0,4.13,nan,30,80,20,Left,Left,142,88,133,13,nan,nan,0.17
9/19/2023 6:46:57,1.17.0,Bandit,0,4.12,1,30,80,20,Pellet,Left,142,88,134,13,0.42,5722,nan
9/19/2023 6:47:25,1.17.0,Bandit,0,4.12,nan,30,80,20,Left,Left,143,88,134,14,nan,nan,0.10
9/19/2023 6:47:27,1.17.0,Bandit,0,4.13,1,30,80,20,Pellet,Left,143,88,135,14,0.48,30,nan
9/19/2023 6:47:53,1.17.0,Bandit,0,4.13,nan,30,80,20,Left,Left,144,88,135,15,nan,nan,0.07
9/19/2023 6:47:56,1.17.0,Bandit,0,4.12,1,30,80,20,Pellet,Left,144,88,136,15,0.42,29,nan
9/19/2023 6:48:44,1.17.0,Bandit,0,4.13,nan,30,80,20,Left,Left,145,88,136,16,nan,nan,0.00
9/19/2023 6:48:48,1.17.0,Bandit,0,4.12,1,30,80,20,Pellet,Left,145,88,137,16,0.85,51,nan
9/19/2023 6:49:11,1.17.0,Bandit,0,4.13,nan,30,80,20,Left,Left,146,88,137,17,nan,nan,0.11
9/19/2023 6:49:13,1.17.0,Bandit,0,4.13,1,30,80,20,Pellet,Left,146,88,138,17,0.48,26,nan
9/19/2023 6:49:42,1.17.0,Bandit,0,4.12,nan,30,80,20,Left,Left,147,88,138,18,nan,nan,0.54
9/19/2023 6:49:45,1.17.0,Bandit,0,4.13,1,30,80,20,Pellet,Left,147,88,139,18,0.42,31,nan
9/19/2023 6:50:11,1.17.0,Bandit,0,4.12,nan,30,80,20,Left,Left,148,88,139,19,nan,nan,0.12
9/19/2023 6:50:13,1.17.0,Bandit,0,4.13,1,30,80,20,Pellet,Left,148,88,140,19,0.42,29,nan
9/19/2023 6:50:45,1.17.0,Bandit,0,4.13,nan,30,80,20,Left,Left,149,88,140,20,nan,nan,0.13
9/19/2023 6:50:47,1.17.0,Bandit,0,4.13,1,30,80,20,Pellet,Left,149,88,141,20,0.42,34,nan
9/19/2023 6:51:16,1.17.0,Bandit,0,4.13,nan,30,80,20,Left,Left,150,88,141,21,nan,nan,0.04
9/19/2023 6:51:19,1.17.0,Bandit,0,4.13,1,30,80,20,Pellet,Left,150,88,142,21,0.42,32,nan
9/19/2023 7:08:34,1.17.0,Bandit,0,4.12,nan,30,80,20,Left,Left,151,88,142,22,nan,nan,0.08
9/19/2023 7:08:37,1.17.0,Bandit,0,4.12,1,30,80,20,Pellet,Left,151,88,143,22,0.42,1038,nan
9/19/2023 7:08:58,1.17.0,Bandit,0,4.12,nan,30,80,20,Left,Left,152,88,143,23,nan,nan,0.12
9/19/2023 7:09:05,1.17.0,Bandit,0,4.12,nan,30,80,20,LeftinTimeOut,Left,152,88,143,23,nan,nan,nan
9/19/2023 7:59:12,1.17.0,Bandit,0,4.12,nan,30,80,20,Left,Left,153,88,143,23,nan,nan,0.27
9/19/2023 7:59:15,1.17.0,Bandit,0,4.12,nan,30,80,20,LeftinTimeOut,Left,153,88,143,23,nan,nan,nan
9/19/2023 7:59:40,1.17.0,Bandit,0,4.12,nan,30,80,20,Left,Left,154,88,143,23,nan,nan,0.01
9/19/2023 7:59:43,1.17.0,Bandit,0,4.12,1,30,80,20,Pellet,Left,154,88,144,23,0.90,3066,nan
9/19/2023 8:00:06,1.17.0,Bandit,0,4.12,nan,30,80,20,Left,Left,155,88,144,24,nan,nan,0.06
9/19/2023 8:00:08,1.17.0,Bandit,0,4.12,1,30,80,20,Pellet,Left,155,88,145,24,0.42,25,nan
9/19/2023 8:00:29,1.17.0,Bandit,0,4.12,nan,30,80,20,Left,Left,156,88,145,25,nan,nan,0.08
9/19/2023 8:00:31,1.17.0,Bandit,0,4.12,1,30,80,20,Pellet,Left,156,88,146,25,0.54,23,nan
9/19/2023 8:00:52,1.17.0,Bandit,0,4.12,nan,30,80,20,Left,Left,157,88,146,26,nan,nan,0.18
9/19/2023 8:00:55,1.17.0,Bandit,0,4.12,1,30,80,20,Pellet,Left,157,88,147,26,0.42,23,nan
9/19/2023 8:01:11,1.17.0,Bandit,0,4.12,nan,30,80,20,Left,Left,158,88,147,27,nan,nan,0.09
9/19/2023 8:01:16,1.17.0,Bandit,0,4.12,nan,30,80,20,LeftinTimeOut,Left,158,88,147,27,nan,nan,nan
9/19/2023 8:02:07,1.17.0,Bandit,0,4.12,nan,30,80,20,Left,Left,159,88,147,27,nan,nan,0.09
9/19/2023 8:02:12,1.17.0,Bandit,0,4.12,2,30,80,20,Pellet,Left,159,88,148,27,0.42,78,nan
9/19/2023 8:02:34,1.17.0,Bandit,0,4.12,nan,30,80,20,Left,Left,160,88,148,28,nan,nan,0.18
9/19/2023 8:02:36,1.17.0,Bandit,0,4.12,1,30,80,20,Pellet,Left,160,88,149,28,0.42,24,nan
9/19/2023 8:02:57,1.17.0,Bandit,0,4.12,nan,30,80,20,Left,Left,161,88,149,29,nan,nan,0.02
9/19/2023 8:03:01,1.17.0,Bandit,0,4.12,nan,30,80,20,LeftinTimeOut,Left,161,88,149,29,nan,nan,nan
9/19/2023 8:05:16,1.17.0,Bandit,0,4.12,nan,30,80,20,Right,Left,161,89,149,29,nan,nan,0.03
9/19/2023 8:08:55,1.17.0,Bandit,0,4.12,nan,30,80,20,Right,Left,161,90,149,29,nan,nan,0.03
9/19/2023 8:14:24,1.17.0,Bandit,0,4.12,nan,30,80,20,Right,Left,161,91,149,29,nan,nan,0.04
9/19/2023 8:14:48,1.17.0,Bandit,0,4.12,nan,30,80,20,Left,Left,162,91,149,29,nan,nan,0.13
9/19/2023 8:14:51,1.17.0,Bandit,0,4.12,1,30,80,20,Pellet,Left,162,91,150,29,0.60,735,nan
9/19/2023 8:15:17,1.17.0,Bandit,0,4.12,nan,30,20,80,Right,Right,162,92,150,0,nan,nan,0.04
9/19/2023 8:15:19,1.17.0,Bandit,0,4.12,1,30,20,80,Pellet,Right,162,92,151,0,0.42,28,nan
9/19/2023 8:18:39,1.17.0,Bandit,0,4.12,nan,30,20,80,Right,Right,162,93,151,1,nan,nan,0.06
9/19/2023 8:18:41,1.17.0,Bandit,0,4.12,1,30,20,80,Pellet,Right,162,93,152,1,0.42,202,nan
9/19/2023 8:26:19,1.17.0,Bandit,0,4.12,nan,30,20,80,Right,Right,162,94,152,2,nan,nan,0.03
9/19/2023 8:26:21,1.17.0,Bandit,0,4.12,1,30,20,80,Pellet,Right,162,94,153,2,0.42,460,nan
9/19/2023 8:29:07,1.17.0,Bandit,0,4.12,nan,30,20,80,Left,Right,163,94,153,3,nan,nan,0.02
9/19/2023 8:39:40,1.17.0,Bandit,0,4.12,nan,30,20,80,Right,Right,163,95,153,3,nan,nan,0.13
9/19/2023 8:39:42,1.17.0,Bandit,0,4.12,1,30,20,80,Pellet,Right,163,95,154,3,0.42,801,nan
9/19/2023 8:43:53,1.17.0,Bandit,0,4.12,nan,30,20,80,Right,Right,163,96,154,4,nan,nan,0.08
9/19/2023 8:43:56,1.17.0,Bandit,0,4.12,1,30,20,80,Pellet,Right,163,96,155,4,0.48,254,nan
9/19/2023 8:44:23,1.17.0,Bandit,0,4.12,nan,30,20,80,Right,Right,163,97,155,5,nan,nan,0.26
9/19/2023 8:44:26,1.17.0,Bandit,0,4.12,2,30,20,80,Pellet,Right,163,97,156,5,0.42,29,nan
9/19/2023 8:44:45,1.17.0,Bandit,0,4.12,nan,30,20,80,Right,Right,163,98,156,6,nan,nan,0.03
9/19/2023 8:48:14,1.17.0,Bandit,0,4.12,nan,30,20,80,Right,Right,163,99,156,6,nan,nan,0.07
9/19/2023 8:48:17,1.17.0,Bandit,0,4.12,1,30,20,80,Pellet,Right,163,99,157,6,0.42,232,nan
9/19/2023 8:48:35,1.17.0,Bandit,0,4.12,nan,30,20,80,Right,Right,163,100,157,7,nan,nan,0.09
9/19/2023 8:48:38,1.17.0,Bandit,0,4.12,1,30,20,80,Pellet,Right,163,100,158,7,0.42,21,nan
9/19/2023 8:50:06,1.17.0,Bandit,0,4.12,nan,30,20,80,Left,Right,164,100,158,8,nan,nan,0.21
9/19/2023 8:50:10,1.17.0,Bandit,0,4.12,1,30,20,80,Pellet,Right,164,100,159,8,1.09,92,nan
9/19/2023 8:51:56,1.17.0,Bandit,0,4.12,nan,30,20,80,Left,Right,165,100,159,9,nan,nan,0.14
9/19/2023 8:51:59,1.17.0,Bandit,0,4.12,1,30,20,80,Pellet,Right,165,100,160,9,0.54,108,nan
9/19/2023 8:52:33,1.17.0,Bandit,0,4.12,nan,30,20,80,Left,Right,166,100,160,10,nan,nan,0.03
9/19/2023 8:57:35,1.17.0,Bandit,0,4.12,nan,30,20,80,Left,Right,167,100,160,10,nan,nan,0.07
9/19/2023 9:01:05,1.17.0,Bandit,0,4.12,nan,30,20,80,Right,Right,167,101,160,10,nan,nan,0.20
9/19/2023 9:01:08,1.17.0,Bandit,0,4.12,1,30,20,80,Pellet,Right,167,101,161,10,0.54,550,nan
9/19/2023 9:01:38,1.17.0,Bandit,0,4.12,nan,30,20,80,Right,Right,167,102,161,11,nan,nan,0.07
9/19/2023 9:01:40,1.17.0,Bandit,0,4.11,1,30,20,80,Pellet,Right,167,102,162,11,0.42,32,nan
9/19/2023 9:16:07,1.17.0,Bandit,0,4.12,nan,30,20,80,Left,Right,168,102,162,12,nan,nan,0.11
9/19/2023 9:17:01,1.17.0,Bandit,0,4.12,nan,30,20,80,Right,Right,168,103,162,12,nan,nan,0.10
9/19/2023 9:17:03,1.17.0,Bandit,0,4.12,1,30,20,80,Pellet,Right,168,103,163,12,0.42,923,nan
9/19/2023 9:17:24,1.17.0,Bandit,0,4.12,nan,30,20,80,Right,Right,168,104,163,13,nan,nan,0.05
9/19/2023 9:17:26,1.17.0,Bandit,0,4.12,1,30,20,80,Pellet,Right,168,104,164,13,0.42,23,nan
9/19/2023 9:18:43,1.17.0,Bandit,0,4.12,nan,30,20,80,Left,Right,169,104,164,14,nan,nan,0.11
9/19/2023 10:32:37,1.17.0,Bandit,0,4.11,nan,30,20,80,Left,Right,170,104,164,14,nan,nan,0.04
9/19/2023 10:33:05,1.17.0,Bandit,0,4.12,nan,30,20,80,Right,Right,170,105,164,14,nan,nan,0.11
9/19/2023 10:33:50,1.17.0,Bandit,0,4.11,nan,30,20,80,Right,Right,170,106,164,14,nan,nan,0.25
9/19/2023 10:33:53,1.17.0,Bandit,0,4.11,1,30,20,80,Pellet,Right,170,106,165,14,0.54,4587,nan
9/19/2023 10:34:38,1.17.0,Bandit,0,4.11,nan,30,20,80,Right,Right,170,107,165,15,nan,nan,0.16
9/19/2023 10:34:41,1.17.0,Bandit,0,4.11,2,30,20,80,Pellet,Right,170,107,166,15,0.42,48,nan
9/19/2023 11:38:03,1.17.0,Bandit,0,4.11,nan,30,20,80,Left,Right,171,107,166,16,nan,nan,0.07
9/19/2023 11:38:06,1.17.0,Bandit,0,4.11,1,30,20,80,Pellet,Right,171,107,167,16,0.54,3805,nan
9/19/2023 11:39:25,1.17.0,Bandit,0,4.11,nan,30,20,80,Left,Right,172,107,167,17,nan,nan,0.14
9/19/2023 11:39:30,1.17.0,Bandit,0,4.11,nan,30,20,80,LeftinTimeOut,Right,172,107,167,17,nan,nan,nan
9/19/2023 11:49:47,1.17.0,Bandit,0,4.11,nan,30,20,80,Left,Right,173,107,167,17,nan,nan,0.18
9/19/2023 11:49:55,1.17.0,Bandit,0,4.11,nan,30,20,80,RightinTimeout,Right,173,107,167,17,nan,nan,0.00
9/19/2023 11:49:59,1.17.0,Bandit,0,4.11,nan,30,20,80,RightinTimeout,Right,173,107,167,17,nan,nan,0.00
9/19/2023 11:50:09,1.17.0,Bandit,0,4.11,nan,30,20,80,LeftinTimeOut,Right,173,107,167,17,nan,nan,nan
9/19/2023 11:50:11,1.17.0,Bandit,0,4.11,nan,30,20,80,LeftinTimeOut,Right,173,107,167,17,nan,nan,nan
9/19/2023 11:50:13,1.17.0,Bandit,0,4.11,nan,30,20,80,LeftinTimeOut,Right,173,107,167,17,nan,nan,nan
9/19/2023 11:50:23,1.17.0,Bandit,0,4.11,nan,30,20,80,RightinTimeout,Right,173,107,167,17,nan,nan,0.00
9/19/2023 11:50:24,1.17.0,Bandit,0,4.11,nan,30,20,80,RightinTimeout,Right,173,107,167,17,nan,nan,0.00
9/19/2023 11:50:52,1.17.0,Bandit,0,4.11,nan,30,20,80,Right,Right,173,108,167,17,nan,nan,0.20
9/19/2023 11:50:55,1.17.0,Bandit,0,4.11,1,30,20,80,Pellet,Right,173,108,168,17,0.60,769,nan
9/19/2023 11:51:26,1.17.0,Bandit,0,4.11,nan,30,20,80,Right,Right,173,109,168,18,nan,nan,0.19
9/19/2023 11:51:29,1.17.0,Bandit,0,4.11,1,30,20,80,Pellet,Right,173,109,169,18,0.42,34,nan
9/19/2023 11:51:54,1.17.0,Bandit,0,4.11,nan,30,20,80,Right,Right,173,110,169,19,nan,nan,0.16
9/19/2023 11:51:57,1.17.0,Bandit,0,4.11,1,30,20,80,Pellet,Right,173,110,170,19,0.66,28,nan
9/19/2023 11:55:02,1.17.0,Bandit,0,4.11,nan,30,20,80,Left,Right,174,110,170,20,nan,nan,0.05
9/19/2023 12:30:51,1.17.0,Bandit,0,4.11,nan,30,20,80,Left,Right,175,110,170,20,nan,nan,0.27
9/19/2023 12:30:54,1.17.0,Bandit,0,4.11,1,30,20,80,Pellet,Right,175,110,171,20,0.78,2337,nan
9/19/2023 12:31:41,1.17.0,Bandit,0,4.11,nan,30,20,80,Left,Right,176,110,171,21,nan,nan,0.33
9/19/2023 12:31:44,1.17.0,Bandit,0,4.10,1,30,20,80,Pellet,Right,176,110,172,21,0.42,50,nan
9/19/2023 12:32:20,1.17.0,Bandit,0,4.11,nan,30,20,80,Left,Right,177,110,172,22,nan,nan,0.19
9/19/2023 12:32:49,1.17.0,Bandit,0,4.11,nan,30,20,80,Left,Right,178,110,172,22,nan,nan,0.08
